date,temp,dew_pt,hum,wind_spd,wind_gust,dir,vis,pressure,wind_chill,heat_index,precip,cond,fog,rain,snow,hail,thunder,tornado
2014-01-01T06:53:00Z,-13.3,-16.7,76,22.2,NA,NE,16.1,1024.9,-22.4,NA,NA,Overcast,0,0,0,0,0,0
2014-01-01T07:53:00Z,-13.9,-16.7,80,22.2,NA,NE,16.1,1024.7,-23.2,NA,NA,Overcast,0,0,0,0,0,0
2014-01-01T08:53:00Z,-13.9,-16.7,80,18.5,NA,NE,14.5,1025.2,-22.4,NA,NA,Overcast,0,0,0,0,0,0
2014-01-01T09:53:00Z,-13.9,-17.2,77,20.4,NA,NE,3.2,1025.2,-22.8,NA,0,Light Snow,0,0,1,0,0,0
2014-01-01T10:02:00Z,-13.9,-16.7,80,14.8,NA,NE,2.4,1023.6,-21.5,NA,0,Light Snow,0,0,1,0,0,0
2014-01-01T10:53:00Z,-14.4,-17.2,80,20.4,NA,NNE,2.4,1025.5,-23.5,NA,0,Light Snow,0,0,1,0,0,0
2014-01-01T11:53:00Z,-15,-17.2,84,20.4,NA,NE,2.4,1025.8,-24.2,NA,0.3,Light Snow,0,0,1,0,0,0
2014-01-01T12:11:00Z,-15,-17.8,80,22.2,NA,NE,3.2,1023.9,-24.6,NA,0,Light Snow,0,0,1,0,0,0
2014-01-01T12:35:00Z,-15,-17.8,80,20.4,NA,NE,4,1023.9,-24.2,NA,0,Light Snow,0,0,1,0,0,0
2014-01-01T12:48:00Z,-15,-18,78,22.2,NA,NE,4.8,1024.3,-24.6,NA,0,Light Snow,0,0,1,0,0,0
2014-01-01T12:53:00Z,-15,-17.8,80,16.7,NA,NE,6.4,1026.3,-23.3,NA,0,Haze,0,0,0,0,0,0
2014-01-01T13:45:00Z,-15.6,-18.3,80,14.8,NA,NE,4,1024.3,-23.6,NA,NA,Haze,0,0,0,0,0,0
2014-01-01T13:51:00Z,-16,-18,85,16.7,NA,NE,2.8,1024.3,-24.6,NA,NA,Haze,0,0,0,0,0,0
2014-01-01T13:53:00Z,-15.6,-18.3,80,18.5,NA,NE,2.4,1026.3,-24.5,NA,NA,Haze,0,0,0,0,0,0
2014-01-01T14:19:00Z,-16.1,-18.9,80,18.5,NA,NE,4,1024.6,-25.2,NA,NA,Haze,0,0,0,0,0,0
2014-01-01T14:28:00Z,-16.1,-18.9,80,18.5,NA,NE,6.4,1024.9,-25.2,NA,NA,Haze,0,0,0,0,0,0
2014-01-01T14:46:00Z,-15.6,-18.9,76,22.2,NA,NE,8,1025.3,-25.4,NA,NA,Haze,0,0,0,0,0,0
2014-01-01T14:53:00Z,-15.6,-18.9,76,20.4,NA,NE,8,1027.3,-25,NA,NA,Haze,0,0,0,0,0,0
2014-01-01T15:27:00Z,-15.6,-18.9,76,20.4,NA,NE,2.8,1025.6,-25,NA,0,Light Snow,0,0,1,0,0,0
2014-01-01T15:53:00Z,-15.6,-18.3,80,22.2,NA,NNE,1.2,1028,-25.4,NA,0,Light Snow,0,0,1,0,0,0
2014-01-01T16:19:00Z,-15.6,-18.9,76,24.1,NA,NE,2,1026,-25.7,NA,0,Light Snow,0,0,1,0,0,0
2014-01-01T16:53:00Z,-15,-18.3,76,18.5,NA,NE,3.2,1028.1,-23.8,NA,0,Light Snow,0,0,1,0,0,0
2014-01-01T17:31:00Z,-14.4,-18.3,73,22.2,NA,NNE,4.8,1025.6,-23.8,NA,0,Haze,0,0,0,0,0,0
2014-01-01T17:53:00Z,-14.4,-17.8,76,22.2,NA,NNE,8,1027.3,-23.8,NA,0,Haze,0,0,0,0,0,0
2014-01-01T18:24:00Z,-14.4,-17.8,76,22.2,NA,NNE,8,1024.9,-23.8,NA,NA,Haze,0,0,0,0,0,0
2014-01-01T18:53:00Z,-13.9,-17.8,73,22.2,NA,NNE,9.7,1026.8,-23.2,NA,NA,Haze,0,0,0,0,0,0
2014-01-01T19:15:00Z,-13.9,-17.8,73,20.4,NA,NNE,16.1,1024.6,-22.8,NA,NA,Mostly Cloudy,0,0,0,0,0,0
2014-01-01T19:53:00Z,-13.9,-17.8,73,22.2,NA,North,16.1,1026.6,-23.2,NA,NA,Mostly Cloudy,0,0,0,0,0,0
2014-01-01T20:37:00Z,-14.4,-18.3,73,25.9,NA,North,16.1,1024.6,-24.5,NA,NA,Overcast,0,0,0,0,0,0
2014-01-01T20:53:00Z,-14.4,-18.9,69,27.8,NA,North,16.1,1026.8,-24.9,NA,NA,Overcast,0,0,0,0,0,0
2014-01-01T21:53:00Z,-14.4,-18.9,69,24.1,NA,North,16.1,1027.4,-24.2,NA,NA,Overcast,0,0,0,0,0,0
2014-01-01T22:53:00Z,-14.4,-18.3,73,20.4,NA,North,9.7,1027.9,-23.5,NA,NA,Haze,0,0,0,0,0,0
2014-01-01T23:30:00Z,-15,-18.3,76,22.2,NA,North,8,1026.3,-24.6,NA,0,Light Snow,0,0,1,0,0,0
2014-01-01T23:53:00Z,-15,-18.9,73,18.5,NA,North,8,1028.8,-23.8,NA,0,Haze,0,0,0,0,0,0
2014-01-02T00:53:00Z,-15.6,-18.9,76,20.4,NA,North,16.1,1029.1,-25,NA,NA,Overcast,0,0,0,0,0,0
2014-01-02T01:53:00Z,-15.6,-19.4,73,18.5,NA,North,16.1,1029.6,-24.5,NA,NA,Overcast,0,0,0,0,0,0
2014-01-02T02:53:00Z,-15.6,-18.9,76,20.4,NA,North,12.9,1030.2,-25,NA,NA,Overcast,0,0,0,0,0,0
2014-01-02T03:53:00Z,-15.6,-18.9,76,22.2,NA,North,16.1,1029.9,-25.4,NA,NA,Overcast,0,0,0,0,0,0
2014-01-02T04:53:00Z,-15,-19.4,70,18.5,NA,North,16.1,1029.4,-23.8,NA,NA,Overcast,0,0,0,0,0,0
2014-01-02T05:53:00Z,-15,-19.4,70,27.8,NA,North,16.1,1029.3,-25.6,NA,NA,Overcast,0,0,0,0,0,0
2014-01-02T06:06:00Z,-15.6,-19.4,73,24.1,NA,North,16.1,1027.3,-25.7,NA,NA,Overcast,0,0,0,0,0,0
2014-01-02T06:53:00Z,-15.6,-18.9,76,20.4,NA,NNW,16.1,1028.9,-25,NA,NA,Overcast,0,0,0,0,0,0
2014-01-02T07:53:00Z,-15.6,-19.4,73,22.2,NA,North,16.1,1029,-25.4,NA,NA,Overcast,0,0,0,0,0,0
2014-01-02T08:02:00Z,-15.6,-19.4,73,24.1,NA,NNW,16.1,1027,-25.7,NA,NA,Overcast,0,0,0,0,0,0
2014-01-02T08:53:00Z,-15.6,-19.4,73,20.4,NA,North,16.1,1029.2,-25,NA,NA,Overcast,0,0,0,0,0,0
2014-01-02T09:53:00Z,-16.1,-19.4,76,22.2,NA,NNW,16.1,1029.1,-26,NA,NA,Overcast,0,0,0,0,0,0
2014-01-02T10:53:00Z,-16.1,-19.4,76,22.2,NA,NNW,16.1,1029.7,-26,NA,NA,Overcast,0,0,0,0,0,0
2014-01-02T11:53:00Z,-16.1,-20,73,18.5,NA,North,16.1,1029.4,-25.2,NA,NA,Overcast,0,0,0,0,0,0
2014-01-02T12:53:00Z,-16.7,-20,76,16.7,NA,NNW,16.1,1030.5,-25.4,NA,NA,Mostly Cloudy,0,0,0,0,0,0
2014-01-02T13:53:00Z,-17.8,-21.1,76,22.2,NA,NNW,14.5,1030.7,-28.2,NA,NA,Partly Cloudy,0,0,0,0,0,0
2014-01-02T14:53:00Z,-18.3,-21.7,75,22.2,NA,North,16.1,1031.3,-28.8,NA,NA,Clear,0,0,0,0,0,0
2014-01-02T15:53:00Z,-17.8,-21.7,72,22.2,NA,NNW,16.1,1032.3,-28.2,NA,NA,Clear,0,0,0,0,0,0
2014-01-02T16:53:00Z,-17.2,-21.1,72,24.1,NA,NNW,16.1,1032.5,-27.8,NA,NA,Clear,0,0,0,0,0,0
2014-01-02T17:53:00Z,-16.1,-20.6,69,20.4,NA,North,16.1,1032.1,-25.6,NA,NA,Clear,0,0,0,0,0,0
2014-01-02T18:53:00Z,-15,-20,66,25.9,NA,NNW,16.1,1032.2,-25.3,NA,NA,Clear,0,0,0,0,0,0
2014-01-02T19:53:00Z,-15,-20.6,63,25.9,NA,North,16.1,1032,-25.3,NA,NA,Clear,0,0,0,0,0,0
2014-01-02T20:53:00Z,-15,-20.6,63,22.2,NA,North,16.1,1032.4,-24.6,NA,NA,Clear,0,0,0,0,0,0
2014-01-02T21:53:00Z,-15.6,-20.6,66,22.2,NA,NNW,16.1,1032.8,-25.4,NA,NA,Clear,0,0,0,0,0,0
2014-01-02T22:53:00Z,-16.7,-21.7,66,16.7,NA,NNW,16.1,1033.7,-25.4,NA,NA,Clear,0,0,0,0,0,0
2014-01-02T23:53:00Z,-17.8,-22.2,69,13,NA,NNW,16.1,1033.8,-25.7,NA,NA,Clear,0,0,0,0,0,0
2014-01-03T00:53:00Z,-18.9,-22.8,72,13,NA,NNW,16.1,1033.9,-27,NA,NA,Clear,0,0,0,0,0,0
2014-01-03T01:53:00Z,-20,-23.3,76,13,NA,North,16.1,1033.9,-28.4,NA,NA,Clear,0,0,0,0,0,0
2014-01-03T02:53:00Z,-20.6,-23.9,76,5.6,NA,NW,16.1,1033.6,-25.4,NA,NA,Clear,0,0,0,0,0,0
2014-01-03T03:53:00Z,-22.2,-25,79,9.3,NA,North,16.1,1033.5,-29.4,NA,NA,Clear,0,0,0,0,0,0
2014-01-03T04:53:00Z,-23.9,-26.1,83,0,NA,North,16.1,1033.5,NA,NA,NA,Clear,0,0,0,0,0,0
2014-01-03T05:53:00Z,-24.4,-26.7,82,5.6,NA,West,16.1,1032.8,-29.7,NA,NA,Clear,0,0,0,0,0,0
2014-01-03T06:53:00Z,-24.4,-27.2,78,0,NA,North,16.1,1032.1,NA,NA,NA,Clear,0,0,0,0,0,0
2014-01-03T07:53:00Z,-25,-27.2,82,5.6,NA,SE,16.1,1031.1,-30.4,NA,NA,Clear,0,0,0,0,0,0
2014-01-03T08:53:00Z,-24.4,-26.7,82,5.6,NA,SSE,16.1,1030.9,-29.7,NA,NA,Clear,0,0,0,0,0,0
2014-01-03T09:53:00Z,-22.2,-24.4,83,9.3,NA,SE,16.1,1029.6,-29.4,NA,NA,Clear,0,0,0,0,0,0
2014-01-03T10:53:00Z,-19.4,-22.2,79,9.3,NA,SSE,16.1,1028.4,-26.1,NA,NA,Clear,0,0,0,0,0,0
2014-01-03T11:53:00Z,-17.2,-20.6,75,14.8,NA,South,16.1,1027,-25.5,NA,NA,Clear,0,0,0,0,0,0
2014-01-03T12:53:00Z,-16.7,-20.6,72,20.4,NA,South,16.1,1026,-26.4,NA,NA,Mostly Cloudy,0,0,0,0,0,0
2014-01-03T13:20:00Z,-16.1,-20,73,16.7,NA,SSE,16.1,1022.9,-24.7,NA,NA,Overcast,0,0,0,0,0,0
2014-01-03T13:29:00Z,-16.1,-20,73,16.7,NA,SSE,16.1,1022.6,-24.7,NA,NA,Overcast,0,0,0,0,0,0
2014-01-03T13:53:00Z,-16.7,-20,76,18.5,NA,SSE,16.1,1024.3,-25.9,NA,NA,Overcast,0,0,0,0,0,0
2014-01-03T14:12:00Z,-16.1,-20,73,24.1,NA,SSE,16.1,1021.6,-26.4,NA,NA,Overcast,0,0,0,0,0,0
2014-01-03T14:21:00Z,-15.6,-20,70,24.1,NA,South,16.1,1021.6,-25.7,NA,NA,Overcast,0,0,0,0,0,0
2014-01-03T14:53:00Z,-15,-19.4,70,24.1,35.2,South,16.1,1023.2,-25,NA,NA,Overcast,0,0,0,0,0,0
2014-01-03T15:53:00Z,-14.4,-18.9,69,18.5,NA,South,16.1,1022.3,-23,NA,NA,Mostly Cloudy,0,0,0,0,0,0
2014-01-03T16:53:00Z,-12.2,-17.2,67,24.1,NA,South,16.1,1020.2,-21.4,NA,NA,Scattered Clouds,0,0,0,0,0,0
2014-01-03T17:53:00Z,-10,-15,67,24.1,NA,South,16.1,1017.3,-18.6,NA,NA,Clear,0,0,0,0,0,0
2014-01-03T18:53:00Z,-7.2,-12.2,68,25.9,42.6,South,16.1,1014.8,-15.3,NA,NA,Clear,0,0,0,0,0,0
2014-01-03T19:53:00Z,-5,-10.6,65,35.2,44.4,South,16.1,1011.8,-13.6,NA,NA,Clear,0,0,0,0,0,0
2014-01-03T20:53:00Z,-3.9,-9.4,66,29.6,46.3,South,16.1,1010.3,-11.5,NA,NA,Clear,0,0,0,0,0,0
2014-01-03T21:53:00Z,-3.3,-8.9,66,33.3,44.4,South,16.1,1008.9,-11.1,NA,NA,Clear,0,0,0,0,0,0
2014-01-03T22:53:00Z,-3.3,-8.9,66,25.9,NA,South,16.1,1007.9,-10.2,NA,NA,Clear,0,0,0,0,0,0
2014-01-03T23:53:00Z,-3.3,-8.3,69,25.9,NA,South,16.1,1007.2,-10.2,NA,NA,Clear,0,0,0,0,0,0
2014-01-04T00:53:00Z,-3.3,-7.8,71,27.8,NA,South,16.1,1006.8,-10.5,NA,NA,Clear,0,0,0,0,0,0
2014-01-04T01:53:00Z,-3.3,-7.8,71,24.1,NA,South,16.1,1006.2,-10,NA,NA,Clear,0,0,0,0,0,0
2014-01-04T02:53:00Z,-2.2,-6.7,72,25.9,NA,South,16.1,1004.9,-8.8,NA,NA,Clear,0,0,0,0,0,0
2014-01-04T03:53:00Z,-1.7,-6.7,69,25.9,NA,South,16.1,1004,-8.2,NA,NA,Clear,0,0,0,0,0,0
2014-01-04T04:53:00Z,-0.6,-6.1,67,25.9,NA,SSW,16.1,1003.7,-6.8,NA,NA,Clear,0,0,0,0,0,0
2014-01-04T05:53:00Z,0,-5.6,66,29.6,NA,SSW,16.1,1003.8,-6.4,NA,NA,Clear,0,0,0,0,0,0
2014-01-04T06:53:00Z,0,-5.6,66,33.3,NA,SSW,16.1,1003.4,-6.8,NA,NA,Clear,0,0,0,0,0,0
2014-01-04T07:53:00Z,0,-5,69,35.2,NA,SW,16.1,1003.8,-7,NA,NA,Clear,0,0,0,0,0,0
2014-01-04T08:53:00Z,-0.6,-5,72,33.3,46.3,SW,16.1,1004.1,-7.6,NA,NA,Scattered Clouds,0,0,0,0,0,0
2014-01-04T09:53:00Z,0,-4.4,73,29.6,NA,SW,16.1,1003.5,-6.4,NA,NA,Mostly Cloudy,0,0,0,0,0,0
2014-01-04T10:53:00Z,0,-4.4,73,29.6,NA,SW,16.1,1004.5,-6.4,NA,NA,Overcast,0,0,0,0,0,0
2014-01-04T11:53:00Z,0,-3.9,75,22.2,NA,WSW,16.1,1006.3,-5.5,NA,NA,Overcast,0,0,0,0,0,0
2014-01-04T12:53:00Z,0,-3.3,79,20.4,NA,WSW,16.1,1007,-5.3,NA,NA,Mostly Cloudy,0,0,0,0,0,0
2014-01-04T13:25:00Z,0,-2.8,82,20.4,NA,WSW,16.1,1006.7,-5.3,NA,NA,Overcast,0,0,0,0,0,0
2014-01-04T13:53:00Z,-1.7,-4.4,82,44.4,NA,NW,14.5,1009.8,-10,NA,NA,Overcast,0,0,0,0,0,0
2014-01-04T14:01:00Z,-3.3,-6.7,78,44.4,57.4,NNW,11.3,1009.4,-12.2,NA,NA,Overcast,0,0,0,0,0,0
2014-01-04T14:53:00Z,-6.1,-10,74,25.9,42.6,NNW,12.9,1012.1,-13.9,NA,NA,Overcast,0,0,0,0,0,0
2014-01-04T15:44:00Z,-8.3,-12.8,71,35.2,50,NNW,14.5,1012.4,-17.9,NA,NA,Overcast,0,0,0,0,0,0
2014-01-04T15:53:00Z,-8.3,-12.8,71,33.3,42.6,NNW,16.1,1014.2,-17.7,NA,NA,Overcast,0,0,0,0,0,0
2014-01-04T16:25:00Z,-8.9,-12.8,74,37,44.4,North,16.1,1013.1,-18.9,NA,NA,Overcast,0,0,0,0,0,0
2014-01-04T16:53:00Z,-8.9,-13.3,71,38.9,48.2,NNW,14.5,1014.4,-19.1,NA,NA,Overcast,0,0,0,0,0,0
2014-01-04T17:53:00Z,-8.9,-12.2,77,29.6,NA,NNW,9.7,1014.6,-18,NA,NA,Haze,0,0,0,0,0,0
2014-01-04T18:53:00Z,-8.9,-13.3,71,35.2,NA,NNW,14.5,1014.6,-18.7,NA,0,Overcast,0,0,0,0,0,0
2014-01-04T19:53:00Z,-9.4,-13.9,70,37,46.3,NNW,16.1,1015.5,-19.6,NA,NA,Mostly Cloudy,0,0,0,0,0,0
2014-01-04T20:02:00Z,-10,-13.9,74,31.5,46.3,North,16.1,1014.4,-19.7,NA,NA,Mostly Cloudy,0,0,0,0,0,0
2014-01-04T20:22:00Z,-9.4,-13.9,70,35.2,NA,NNW,16.1,1014.8,-19.4,NA,NA,Overcast,0,0,0,0,0,0
2014-01-04T20:53:00Z,-10,-13.9,74,35.2,44.4,NNW,16.1,1016.1,-20.2,NA,NA,Overcast,0,0,0,0,0,0
2014-01-04T21:18:00Z,-9.4,-13.9,70,29.6,42.6,NNW,16.1,1016.1,-18.7,NA,NA,Mostly Cloudy,0,0,0,0,0,0
2014-01-04T21:43:00Z,-9.4,-13.9,70,29.6,46.3,NNW,16.1,1016.5,-18.7,NA,NA,Scattered Clouds,0,0,0,0,0,0
2014-01-04T21:53:00Z,-9.4,-13.9,70,27.8,40.7,NNW,16.1,1017.9,-18.4,NA,NA,Scattered Clouds,0,0,0,0,0,0
2014-01-04T22:53:00Z,-10,-13.9,74,31.5,50,NNW,16.1,1018.4,-19.7,NA,NA,Scattered Clouds,0,0,0,0,0,0
2014-01-04T23:04:00Z,-10,-13.9,74,31.5,44.4,NNW,16.1,1017.2,-19.7,NA,NA,Mostly Cloudy,0,0,0,0,0,0
2014-01-04T23:46:00Z,-10.6,-15,71,38.9,48.2,North,16.1,1017.2,-21.4,NA,NA,Scattered Clouds,0,0,0,0,0,0
2014-01-04T23:53:00Z,-10.6,-15,71,25.9,55.6,North,16.1,1018.8,-19.7,NA,NA,Partly Cloudy,0,0,0,0,0,0
2014-01-05T00:53:00Z,-11.1,-16.1,67,33.3,46.3,North,16.1,1020.5,-21.4,NA,NA,Clear,0,0,0,0,0,0
2014-01-05T01:53:00Z,-12.2,-17.2,67,31.5,50,North,16.1,1020.8,-22.6,NA,NA,Clear,0,0,0,0,0,0
2014-01-05T02:53:00Z,-12.8,-17.8,67,35.2,48.2,North,16.1,1022.6,-23.9,NA,NA,Clear,0,0,0,0,0,0
2014-01-05T03:53:00Z,-13.3,-17.8,70,27.8,NA,North,16.1,1022.6,-23.4,NA,NA,Clear,0,0,0,0,0,0
2014-01-05T04:53:00Z,-13.9,-18.3,70,29.6,42.6,North,16.1,1023.1,-24.5,NA,NA,Clear,0,0,0,0,0,0
2014-01-05T05:53:00Z,-14.4,-18.9,69,29.6,50,North,16.1,1023.9,-25.2,NA,NA,Clear,0,0,0,0,0,0
2014-01-05T06:53:00Z,-15,-18.9,73,29.6,NA,North,16.1,1024.2,-25.9,NA,NA,Clear,0,0,0,0,0,0
2014-01-05T07:53:00Z,-15.6,-20,70,33.3,51.9,North,16.1,1024.2,-27.3,NA,NA,Partly Cloudy,0,0,0,0,0,0
2014-01-05T08:53:00Z,-15.6,-20,70,33.3,NA,North,16.1,1024.4,-27.3,NA,NA,Scattered Clouds,0,0,0,0,0,0
2014-01-05T09:53:00Z,-16.1,-20.6,69,33.3,48.2,North,16.1,1024.5,-28,NA,NA,Clear,0,0,0,0,0,0
2014-01-05T10:53:00Z,-16.7,-21.1,69,33.3,NA,North,16.1,1024.8,-28.8,NA,NA,Overcast,0,0,0,0,0,0
2014-01-05T11:53:00Z,-17.2,-21.7,69,33.3,53.7,North,16.1,1025.6,-29.4,NA,NA,Overcast,0,0,0,0,0,0
2014-01-05T12:53:00Z,-17.8,-22.2,69,40.7,55.6,North,16.1,1026.4,-31.3,NA,NA,Overcast,0,0,0,0,0,0
2014-01-05T13:53:00Z,-18.3,-23.3,66,33.3,63,North,16.1,1027,-30.9,NA,NA,Overcast,0,0,0,0,0,0
2014-01-05T14:53:00Z,-18.3,-23.9,62,35.2,46.3,North,16.1,1028.3,-31.1,NA,NA,Overcast,0,0,0,0,0,0
2014-01-05T15:53:00Z,-18.3,-24.4,60,33.3,40.7,NNW,16.1,1028.8,-30.9,NA,NA,Clear,0,0,0,0,0,0
2014-01-05T16:53:00Z,-17.8,-23.9,60,33.3,44.4,NNW,16.1,1028.9,-30.2,NA,NA,Clear,0,0,0,0,0,0
2014-01-05T17:53:00Z,-16.7,-23.3,58,38.9,NA,NNW,16.1,1028.3,-29.5,NA,NA,Clear,0,0,0,0,0,0
2014-01-05T18:53:00Z,-16.7,-23.3,58,35.2,51.9,NNW,16.1,1028.1,-29,NA,NA,Clear,0,0,0,0,0,0
2014-01-05T19:53:00Z,-16.1,-22.2,60,29.6,42.6,NNW,16.1,1028.1,-27.4,NA,NA,Clear,0,0,0,0,0,0
2014-01-05T20:53:00Z,-16.1,-22.2,60,37,53.7,NNW,16.1,1028.7,-28.5,NA,NA,Partly Cloudy,0,0,0,0,0,0
2014-01-05T21:53:00Z,-15.6,-22.2,58,38.9,50,NNW,16.1,1029.3,-28.1,NA,NA,Mostly Cloudy,0,0,0,0,0,0
2014-01-05T22:03:00Z,-16.1,-22.2,60,37,59.3,NNW,16.1,1027.3,-28.5,NA,NA,Overcast,0,0,0,0,0,0
2014-01-05T22:50:00Z,-18,-26,51,40.7,57.4,NW,16.1,1027.7,-31.5,NA,NA,Scattered Clouds,0,0,0,0,0,0
2014-01-05T22:53:00Z,-17.8,-25.6,52,38.9,57.4,NW,16.1,1030.3,-31,NA,NA,Scattered Clouds,0,0,0,0,0,0
2014-01-05T23:53:00Z,-19.4,-27.8,49,38.9,64.8,NW,16.1,1031.5,-33.1,NA,NA,Clear,0,0,0,0,0,0
2014-01-06T00:53:00Z,-20,-28.3,49,38.9,51.9,NW,16.1,1031.5,-33.9,NA,NA,Clear,0,0,0,0,0,0
2014-01-06T01:53:00Z,-21.1,-28.9,51,33.3,53.7,NW,16.1,1031.7,-34.5,NA,NA,Scattered Clouds,0,0,0,0,0,0
2014-01-06T02:53:00Z,-22.2,-28.9,56,38.9,57.4,NW,16.1,1032,-36.9,NA,NA,Mostly Cloudy,0,0,0,0,0,0
2014-01-06T03:53:00Z,-22.8,-30,53,33.3,57.4,NW,16.1,1032.2,-36.8,NA,NA,Mostly Cloudy,0,0,0,0,0,0
2014-01-06T04:01:00Z,-23.3,-30,55,38.9,51.9,NW,16.1,1029.7,-38.3,NA,NA,Scattered Clouds,0,0,0,0,0,0
2014-01-06T04:17:00Z,-23.3,-29.4,59,35.2,57.4,NW,16.1,1029.7,-37.8,NA,NA,Mostly Cloudy,0,0,0,0,0,0
2014-01-06T04:53:00Z,-24.4,-31.1,55,38.9,61.1,NW,16.1,1032.2,-39.8,NA,NA,Mostly Cloudy,0,0,0,0,0,0
2014-01-06T05:02:00Z,-24.4,-31.1,55,35.2,61.1,NW,16.1,1029.7,-39.2,NA,NA,Scattered Clouds,0,0,0,0,0,0
2014-01-06T05:10:00Z,-24.4,-31.1,55,40.7,57.4,NW,16.1,1029.7,-40.1,NA,NA,Mostly Cloudy,0,0,0,0,0,0
2014-01-06T05:17:00Z,-24.4,-31.1,55,40.7,53.7,NW,16.1,1029.3,-40.1,NA,NA,Scattered Clouds,0,0,0,0,0,0
2014-01-06T05:27:00Z,-24.4,-30.6,58,33.3,50,NW,16.1,1029.3,-38.9,NA,NA,Mostly Cloudy,0,0,0,0,0,0
2014-01-06T05:53:00Z,-24.4,-31.1,55,40.7,59.3,NW,16.1,1031.7,-40.1,NA,NA,Mostly Cloudy,0,0,0,0,0,0
2014-01-06T06:43:00Z,-25,-31.7,55,44.4,55.6,NW,16.1,1028.7,-41.4,NA,NA,Scattered Clouds,0,0,0,0,0,0
2014-01-06T06:53:00Z,-25,-31.1,58,27.8,57.4,NW,16.1,1031.2,-38.6,NA,NA,Partly Cloudy,0,0,0,0,0,0
2014-01-06T07:31:00Z,-25.6,-31.1,61,37,46.3,NW,16.1,1028.7,-41.1,NA,NA,Mostly Cloudy,0,0,0,0,0,0
2014-01-06T07:53:00Z,-25.6,-31.1,61,25.9,NA,NW,16.1,1031.3,-39,NA,NA,Mostly Cloudy,0,0,0,0,0,0
2014-01-06T08:53:00Z,-25.6,-30.6,64,24.1,NA,NW,16.1,1031.4,-38.6,NA,NA,Overcast,0,0,0,0,0,0
2014-01-06T09:53:00Z,-25.6,-30.6,64,33.3,50,NW,9.7,1031,-40.5,NA,NA,Haze,0,0,0,0,0,0
2014-01-06T10:11:00Z,-25.6,-31.1,61,27.8,50,NW,16.1,1028.3,-39.4,NA,NA,Scattered Clouds,0,0,0,0,0,0
2014-01-06T10:53:00Z,-26.1,-31.7,61,27.8,42.6,NW,16.1,1031.3,-40,NA,NA,Clear,0,0,0,0,0,0
2014-01-06T11:19:00Z,-26.1,-31.1,64,29.6,40.7,NW,16.1,1028.7,-40.4,NA,NA,Mostly Cloudy,0,0,0,0,0,0
2014-01-06T11:53:00Z,-26.1,-31.1,64,22.2,37,NW,16.1,1031.4,-38.7,NA,NA,Mostly Cloudy,0,0,0,0,0,0
2014-01-06T12:02:00Z,-26.1,-31.7,61,29.6,42.6,NW,16.1,1028.3,-40.4,NA,NA,Scattered Clouds,0,0,0,0,0,0
2014-01-06T12:53:00Z,-26.1,-31.7,61,29.6,42.6,NW,16.1,1031.5,-40.4,NA,NA,Clear,0,0,0,0,0,0
2014-01-06T13:53:00Z,-26.1,-31.7,61,24.1,40.7,NW,16.1,1031.8,-39.2,NA,NA,Clear,0,0,0,0,0,0
2014-01-06T14:53:00Z,-25.6,-31.1,61,27.8,40.7,NW,16.1,1032.3,-39.4,NA,NA,Clear,0,0,0,0,0,0
2014-01-06T15:53:00Z,-25,-30.6,61,35.2,42.6,WNW,16.1,1032.5,-40,NA,NA,Clear,0,0,0,0,0,0
2014-01-06T16:53:00Z,-23.3,-29.4,59,27.8,42.6,WNW,16.1,1032.5,-36.4,NA,NA,Partly Cloudy,0,0,0,0,0,0
2014-01-06T17:46:00Z,-22.8,-28.3,62,29.6,40.7,WNW,16.1,1028.3,-36.1,NA,NA,Mostly Cloudy,0,0,0,0,0,0
2014-01-06T17:53:00Z,-22.8,-28.3,62,25.9,NA,WNW,16.1,1031.3,-35.4,NA,NA,Mostly Cloudy,0,0,0,0,0,0
2014-01-06T18:53:00Z,-21.7,-27.2,62,31.5,42.6,WNW,16.1,1030.7,-35,NA,NA,Overcast,0,0,0,0,0,0
2014-01-06T19:53:00Z,-20.6,-26.7,59,31.5,44.4,WNW,14.5,1030.2,-33.6,NA,NA,Overcast,0,0,0,0,0,0
2014-01-06T20:53:00Z,-20,-26.1,59,31.5,44.4,WNW,16.1,1030.1,-32.8,NA,NA,Overcast,0,0,0,0,0,0
2014-01-06T21:53:00Z,-20,-26.1,59,27.8,44.4,WNW,16.1,1030.3,-32.1,NA,NA,Mostly Cloudy,0,0,0,0,0,0
2014-01-06T22:53:00Z,-20,-25.6,62,29.6,40.7,WNW,16.1,1030.1,-32.5,NA,NA,Overcast,0,0,0,0,0,0
2014-01-06T23:23:00Z,-20,-26.1,59,25.9,40.7,WNW,16.1,1027.3,-31.8,NA,NA,Scattered Clouds,0,0,0,0,0,0
2014-01-06T23:53:00Z,-20.6,-26.1,62,25.9,NA,WNW,16.1,1030.2,-32.5,NA,NA,Clear,0,0,0,0,0,0
2014-01-07T00:53:00Z,-20.6,-25.6,65,20.4,NA,West,16.1,1030.1,-31.3,NA,NA,Clear,0,0,0,0,0,0
2014-01-07T01:53:00Z,-21.1,-25.6,68,16.7,NA,West,16.1,1029.6,-30.9,NA,NA,Clear,0,0,0,0,0,0
2014-01-07T02:53:00Z,-21.1,-25.6,68,16.7,NA,West,16.1,1029.4,-30.9,NA,NA,Clear,0,0,0,0,0,0
2014-01-07T03:53:00Z,-21.1,-26.1,65,14.8,NA,West,16.1,1028.7,-30.3,NA,NA,Clear,0,0,0,0,0,0
2014-01-07T04:53:00Z,-22.2,-26.1,71,11.1,NA,West,16.1,1028.3,-30.3,NA,NA,Clear,0,0,0,0,0,0
2014-01-07T05:53:00Z,-22.8,-26.1,75,13,NA,WSW,16.1,1028.1,-31.8,NA,NA,Clear,0,0,0,0,0,0
2014-01-07T06:53:00Z,-22.8,-26.1,75,14.8,NA,WSW,16.1,1028.2,-32.4,NA,NA,Clear,0,0,0,0,0,0
2014-01-07T07:53:00Z,-22.8,-26.1,75,7.4,NA,WSW,16.1,1027.4,-29.1,NA,NA,Mostly Cloudy,0,0,0,0,0,0
2014-01-07T08:53:00Z,-20.6,-24.4,72,13,NA,WSW,16.1,1027.2,-29.1,NA,NA,Scattered Clouds,0,0,0,0,0,0
2014-01-07T09:53:00Z,-20.6,-25,69,0,NA,North,16.1,1026.2,NA,NA,NA,Partly Cloudy,0,0,0,0,0,0
2014-01-07T10:53:00Z,-22.2,-25,79,7.4,NA,South,16.1,1025.5,-28.4,NA,NA,Mostly Cloudy,0,0,0,0,0,0
2014-01-07T11:53:00Z,-20.6,-23.9,76,0,NA,North,16.1,1025.5,NA,NA,NA,Scattered Clouds,0,0,0,0,0,0
2014-01-07T12:53:00Z,-20,-23.3,76,5.6,NA,SE,16.1,1024.8,-24.7,NA,NA,Mostly Cloudy,0,0,0,0,0,0
2014-01-07T13:53:00Z,-20,-22.8,79,9.3,NA,SE,16.1,1024.3,-26.8,NA,NA,Mostly Cloudy,0,0,0,0,0,0
2014-01-07T14:53:00Z,-18.9,-22.2,76,7.4,NA,SE,16.1,1024.1,-24.6,NA,NA,Clear,0,0,0,0,0,0
2014-01-07T15:53:00Z,-17.8,-21.7,72,11.1,NA,ESE,16.1,1023.6,-25,NA,NA,Overcast,0,0,0,0,0,0
2014-01-07T16:53:00Z,-15.6,-20,70,11.1,NA,East,16.1,1023.1,-22.4,NA,NA,Overcast,0,0,0,0,0,0
2014-01-07T17:53:00Z,-14.4,-19.4,67,9.3,NA,SE,16.1,1022.3,-20.2,NA,NA,Overcast,0,0,0,0,0,0
2014-01-07T18:53:00Z,-13.3,-18.3,67,11.1,NA,SE,16.1,1021,-19.6,NA,NA,Overcast,0,0,0,0,0,0
2014-01-07T19:53:00Z,-12.2,-17.2,67,0,NA,North,16.1,1021.2,NA,NA,NA,Overcast,0,0,0,0,0,0
2014-01-07T20:53:00Z,-11.7,-17.2,64,5.6,NA,SE,16.1,1021.8,-15.2,NA,NA,Clear,0,0,0,0,0,0
2014-01-07T21:53:00Z,-11.7,-17.8,61,0,NA,North,16.1,1022.4,NA,NA,NA,Clear,0,0,0,0,0,0
2014-01-07T22:53:00Z,-12.2,-17.8,64,5.6,NA,East,16.1,1023.3,-15.8,NA,NA,Clear,0,0,0,0,0,0
2014-01-07T23:53:00Z,-13.9,-18.3,70,0,NA,North,16.1,1024.1,NA,NA,NA,Mostly Cloudy,0,0,0,0,0,0
2014-01-08T00:53:00Z,-13.9,-17.8,73,9.3,NA,NE,16.1,1024.6,-19.6,NA,NA,Mostly Cloudy,0,0,0,0,0,0
2014-01-08T01:53:00Z,-13.9,-17.8,73,5.6,NA,ENE,16.1,1025.3,-17.7,NA,NA,Overcast,0,0,0,0,0,0
2014-01-08T02:53:00Z,-13.9,-17.8,73,7.4,NA,East,16.1,1025.5,-18.7,NA,NA,Overcast,0,0,0,0,0,0
2014-01-08T03:53:00Z,-14.4,-17.8,76,0,NA,North,16.1,1026,NA,NA,NA,Overcast,0,0,0,0,0,0
2014-01-08T04:53:00Z,-14.4,-17.2,80,0,NA,North,16.1,1026.2,NA,NA,NA,Overcast,0,0,0,0,0,0
2014-01-08T05:53:00Z,-14.4,-17.2,80,0,NA,North,16.1,1026.2,NA,NA,NA,Overcast,0,0,0,0,0,0
2014-01-08T06:53:00Z,-13.9,-16.7,80,0,NA,North,16.1,1026.4,NA,NA,NA,Overcast,0,0,0,0,0,0
2014-01-08T07:53:00Z,-15.6,-18.3,80,11.1,NA,North,16.1,1027.3,-22.4,NA,NA,Partly Cloudy,0,0,0,0,0,0
2014-01-08T08:53:00Z,-14.4,-17.8,76,9.3,NA,North,16.1,1027.8,-20.2,NA,NA,Overcast,0,0,0,0,0,0
2014-01-08T09:53:00Z,-14.4,-17.8,76,9.3,NA,North,16.1,1028,-20.2,NA,NA,Clear,0,0,0,0,0,0
2014-01-08T10:53:00Z,-13.9,-17.2,77,13,NA,North,16.1,1028.6,-20.9,NA,NA,Overcast,0,0,0,0,0,0
2014-01-08T11:53:00Z,-14.4,-19.4,67,9.3,NA,NNE,16.1,1029.2,-20.2,NA,NA,Mostly Cloudy,0,0,0,0,0,0
2014-01-08T12:53:00Z,-14.4,-19.4,67,7.4,NA,NE,16.1,1029.7,-19.3,NA,NA,Mostly Cloudy,0,0,0,0,0,0
2014-01-08T13:53:00Z,-15,-19.4,70,5.6,NA,NE,16.1,1030.4,-19,NA,NA,Clear,0,0,0,0,0,0
2014-01-08T14:53:00Z,-14.4,-19.4,67,11.1,NA,NE,16.1,1031.8,-20.9,NA,NA,Clear,0,0,0,0,0,0
2014-01-08T15:53:00Z,-14.4,-19.4,67,9.3,NA,NE,16.1,1032.5,-20.2,NA,NA,Scattered Clouds,0,0,0,0,0,0
2014-01-08T16:53:00Z,-13.3,-18.9,64,9.3,NA,NNE,16.1,1032.8,-18.9,NA,NA,Clear,0,0,0,0,0,0
2014-01-08T17:53:00Z,-12.2,-18.3,61,9.3,NA,NE,16.1,1032.1,-17.6,NA,NA,Clear,0,0,0,0,0,0
2014-01-08T18:53:00Z,-12.2,-17.8,64,5.6,NA,East,16.1,1031.8,-15.8,NA,NA,Clear,0,0,0,0,0,0
2014-01-08T19:53:00Z,-11.1,-17.8,59,0,NA,North,16.1,1031.8,NA,NA,NA,Clear,0,0,0,0,0,0
2014-01-08T20:53:00Z,-10.6,-17.2,59,0,NA,North,16.1,1031.7,NA,NA,NA,Partly Cloudy,0,0,0,0,0,0
2014-01-08T21:53:00Z,-11.1,-17.2,61,7.4,NA,ENE,16.1,1032.1,-15.5,NA,NA,Clear,0,0,0,0,0,0
2014-01-08T22:53:00Z,-12.2,-17.2,67,5.6,NA,ESE,16.1,1032,-15.8,NA,NA,Clear,0,0,0,0,0,0
2014-01-08T23:53:00Z,-13.9,-17.8,73,0,NA,North,16.1,1032.5,NA,NA,NA,Clear,0,0,0,0,0,0
2014-01-09T00:53:00Z,-16.1,-18.3,84,5.6,NA,SSE,16.1,1033,-20.2,NA,NA,Clear,0,0,0,0,0,0
2014-01-09T01:53:00Z,-16.1,-18.9,80,0,NA,North,16.1,1033.2,NA,NA,NA,Clear,0,0,0,0,0,0
2014-01-09T02:53:00Z,-16.7,-18.9,83,0,NA,North,16.1,1033.3,NA,NA,NA,Clear,0,0,0,0,0,0
2014-01-09T03:53:00Z,-17.8,-20,83,0,NA,North,16.1,1033.3,NA,NA,NA,Mostly Cloudy,0,0,0,0,0,0
2014-01-09T04:53:00Z,-17.8,-20,83,5.6,NA,ESE,16.1,1032.8,-22.2,NA,NA,Clear,0,0,0,0,0,0
2014-01-09T05:53:00Z,-17.2,-20,79,0,NA,North,16.1,1032.3,NA,NA,NA,Mostly Cloudy,0,0,0,0,0,0
2014-01-09T06:53:00Z,-17.2,-20,79,5.6,NA,SE,16.1,1032.1,-21.5,NA,NA,Clear,0,0,0,0,0,0
2014-01-09T07:53:00Z,-17.2,-20,79,5.6,NA,ESE,16.1,1031.9,-21.5,NA,NA,Clear,0,0,0,0,0,0
2014-01-09T08:53:00Z,-17.8,-20.6,79,0,NA,North,16.1,1031.5,NA,NA,NA,Clear,0,0,0,0,0,0
2014-01-09T09:53:00Z,-18.3,-21.1,79,5.6,NA,East,16.1,1030.5,-22.7,NA,NA,Clear,0,0,0,0,0,0
2014-01-09T10:53:00Z,-18.3,-21.1,79,0,NA,North,16.1,1030.4,NA,NA,NA,Clear,0,0,0,0,0,0
2014-01-09T11:53:00Z,-18.3,-21.1,79,0,NA,North,16.1,1029.5,NA,NA,NA,Clear,0,0,0,0,0,0
2014-01-09T12:44:00Z,-17.8,-20.6,79,5.6,NA,East,16.1,1026.6,-22.2,NA,NA,Mostly Cloudy,0,0,0,0,0,0
2014-01-09T12:53:00Z,-17.2,-20.6,75,5.6,NA,ESE,16.1,1028.9,-21.5,NA,NA,Overcast,0,0,0,0,0,0
2014-01-09T13:53:00Z,-15.6,-18.9,76,14.8,NA,SE,16.1,1027.9,-23.6,NA,NA,Overcast,0,0,0,0,0,0
2014-01-09T14:35:00Z,-15,-18.9,73,9.3,NA,SE,16.1,1025.6,-20.9,NA,NA,Scattered Clouds,0,0,0,0,0,0
2014-01-09T14:53:00Z,-15,-18.9,73,9.3,NA,SE,16.1,1027.7,-20.9,NA,NA,Scattered Clouds,0,0,0,0,0,0
2014-01-09T15:00:00Z,-15,-18.9,73,7.4,NA,SE,16.1,1025.3,-20,NA,NA,Mostly Cloudy,0,0,0,0,0,0
2014-01-09T15:32:00Z,-13.9,-17.8,73,9.3,NA,SE,16.1,1025.3,-19.6,NA,NA,Scattered Clouds,0,0,0,0,0,0
2014-01-09T15:53:00Z,-13.3,-17.2,73,9.3,NA,SE,16.1,1027.3,-18.9,NA,NA,Mostly Cloudy,0,0,0,0,0,0
2014-01-09T16:02:00Z,-13.3,-17.2,73,11.1,NA,SSE,16.1,1024.9,-19.6,NA,NA,Mostly Cloudy,0,0,0,0,0,0
2014-01-09T16:38:00Z,-11.7,-15.6,73,14.8,NA,SE,0.4,1024.6,-18.8,NA,NA,Haze,0,0,0,0,0,0
2014-01-09T16:46:00Z,-11.1,-15,73,13,NA,SE,NA,1024.3,-17.5,NA,NA,Overcast,0,0,0,0,0,0
2014-01-09T16:53:00Z,-11.1,-14.4,77,16.7,NA,SE,NA,1026.3,-18.5,NA,NA,Overcast,0,0,0,0,0,0
2014-01-09T17:53:00Z,-9.4,-12.8,77,NA,NA,North,NA,1025,NA,NA,NA,Overcast,0,0,0,0,0,0
2014-01-09T18:53:00Z,-8.9,-11.1,84,14.8,NA,SSE,4,1023.5,-15.3,NA,NA,Overcast,0,0,0,0,0,0
2014-01-09T19:01:00Z,-8.3,-11.1,81,9.3,NA,SSE,6.4,1021.2,-12.9,NA,NA,Haze,0,0,0,0,0,0
2014-01-09T19:53:00Z,-7.8,-11.1,78,13,NA,SE,9.7,1022.2,-13.5,NA,NA,Haze,0,0,0,0,0,0
2014-01-09T20:41:00Z,-7.2,-11.1,74,14.8,NA,SE,11.3,1020.2,-13.2,NA,NA,Overcast,0,0,0,0,0,0
2014-01-09T20:53:00Z,-7.8,-11.1,78,18.5,NA,SE,11.3,1021.9,-14.8,NA,NA,Mostly Cloudy,0,0,0,0,0,0
2014-01-09T21:30:00Z,-7.2,-10.6,77,13,NA,SSE,11.3,1019.9,-12.8,NA,NA,Overcast,0,0,0,0,0,0
2014-01-09T21:53:00Z,-7.2,-10.6,77,13,NA,SSE,11.3,1021.5,-12.8,NA,NA,Overcast,0,0,0,0,0,0
2014-01-09T23:53:00Z,-7.2,-10.6,77,11.1,NA,SE,12.9,1020.2,-12.2,NA,NA,Overcast,0,0,0,0,0,0
2014-01-10T00:53:00Z,-7.8,-10.6,81,11.1,NA,SE,11.3,1020.2,-13,NA,NA,Overcast,0,0,0,0,0,0
2014-01-10T01:53:00Z,-8.3,-10.6,84,5.6,NA,SE,9.7,1019.7,-11.3,NA,NA,Overcast,0,0,0,0,0,0
2014-01-10T02:17:00Z,-8.3,-10.6,84,7.4,NA,SE,9.7,1017.5,-12.2,NA,NA,Overcast,0,0,0,0,0,0
2014-01-10T02:53:00Z,-8.3,-10.6,84,7.4,NA,SSE,9.7,1019.4,-12.2,NA,NA,Mostly Cloudy,0,0,0,0,0,0
2014-01-10T03:42:00Z,-8.9,-10.6,88,7.4,NA,SE,8,1017.2,-12.9,NA,NA,Mostly Cloudy,0,0,0,0,0,0
2014-01-10T03:53:00Z,-8.9,-10.6,88,9.3,NA,SE,8,1018.8,-13.7,NA,NA,Overcast,0,0,0,0,0,0
2014-01-10T04:46:00Z,-7.2,-9.4,85,13,NA,SE,8,1016.1,-12.8,NA,NA,Overcast,0,0,0,0,0,0
2014-01-10T04:53:00Z,-7.2,-8.9,88,11.1,NA,SE,8,1017.4,-12.2,NA,NA,Overcast,0,0,0,0,0,0
2014-01-10T05:53:00Z,-6.1,-8.3,85,20.4,NA,South,8,1017.1,-13,NA,NA,Overcast,0,0,0,0,0,0
2014-01-10T06:35:00Z,-6.1,-7.2,92,16.7,NA,South,4,1015.5,-12.3,NA,NA,Overcast,0,0,0,0,0,0
2014-01-10T06:50:00Z,-6,-7,93,13,NA,South,2.4,1015.5,-11.3,NA,NA,Overcast,0,0,0,0,0,0
2014-01-10T06:53:00Z,-6.1,-6.7,96,14.8,NA,South,2.4,1016.6,-11.9,NA,NA,Overcast,0,0,0,0,0,0
2014-01-10T07:53:00Z,-5.6,-6.1,96,13,NA,SSW,1.6,1016,-10.8,NA,NA,Overcast,0,0,0,0,0,0
2014-01-10T08:11:00Z,-5.6,-6.1,96,13,NA,South,1.2,1014.8,-10.8,NA,NA,Overcast,0,0,0,0,0,0
2014-01-10T08:24:00Z,-5.6,-6.1,96,7.4,NA,South,1.6,1014.8,-9.1,NA,NA,Overcast,0,0,0,0,0,0
2014-01-10T08:53:00Z,-5.6,-6.1,96,7.4,NA,SSE,1.6,1015.4,-9.1,NA,NA,Overcast,0,0,0,0,0,0
2014-01-10T09:53:00Z,-5,-6.1,92,7.4,NA,SE,1.2,1014,-8.4,NA,NA,Overcast,0,0,0,0,0,0
2014-01-10T10:07:00Z,-5,-5.6,96,9.3,NA,SE,1.6,1012.4,-9,NA,NA,Overcast,0,0,0,0,0,0
2014-01-10T10:53:00Z,-5,-5.6,96,9.3,NA,SE,1.6,1012.9,-9,NA,NA,Overcast,0,0,0,0,0,0
2014-01-10T11:23:00Z,-4.4,-5.6,91,11.1,NA,ESE,1.2,1011.1,-8.9,NA,NA,Overcast,0,0,0,0,0,0
2014-01-10T11:53:00Z,-4.4,-5,96,11.1,NA,ESE,1.2,1011.2,-8.9,NA,NA,Mist,0,0,0,0,0,0
2014-01-10T12:35:00Z,-3.3,-4.4,92,14.8,NA,SE,1.6,1009.4,-8.4,NA,NA,Overcast,0,0,0,0,0,0
2014-01-10T12:46:00Z,-3.3,-4.4,92,16.7,NA,SE,1.2,1009.7,-8.8,NA,NA,Overcast,0,0,0,0,0,0
2014-01-10T12:53:00Z,-3.3,-3.9,96,14.8,NA,SE,1.2,1010.7,-8.4,NA,NA,Overcast,0,0,0,0,0,0
2014-01-10T13:02:00Z,-3.3,-3.9,96,14.8,NA,SE,1.6,1009.4,-8.4,NA,NA,Overcast,0,0,0,0,0,0
2014-01-10T13:53:00Z,-2.2,-2.8,96,16.7,NA,SE,2,1010,-7.4,NA,NA,Overcast,0,0,0,0,0,0
2014-01-10T14:10:00Z,-2.2,-2.8,96,16.7,NA,SE,1.2,1009,-7.4,NA,NA,Overcast,0,0,0,0,0,0
2014-01-10T14:53:00Z,-1.7,-2.2,96,16.7,NA,SE,1.2,1009.8,-6.8,NA,NA,Overcast,0,0,0,0,0,0
2014-01-10T15:16:00Z,-1.7,-2.2,96,16.7,NA,SE,1.6,1008,-6.8,NA,NA,Overcast,0,0,0,0,0,0
2014-01-10T15:53:00Z,-1.1,-1.7,96,11.1,NA,SE,2,1008.5,-4.9,NA,NA,Overcast,0,0,0,0,0,0
2014-01-10T16:53:00Z,-1.1,-1.1,100,11.1,NA,SE,2,1007.7,-4.9,NA,NA,Overcast,0,0,0,0,0,0
2014-01-10T17:14:00Z,-0.6,-1.1,96,11.1,NA,SE,1.2,1005.6,-4.3,NA,NA,Overcast,0,0,0,0,0,0
2014-01-10T17:37:00Z,-0.6,-1.1,96,9.3,NA,SE,0.4,1005,-3.8,NA,NA,Light Freezing Fog,1,0,0,0,0,0
2014-01-10T17:53:00Z,-0.6,-0.6,100,5.6,NA,East,0.4,1005.5,-2.5,NA,NA,Light Freezing Fog,1,0,0,0,0,0
2014-01-10T18:53:00Z,-0.6,-1.1,96,11.1,NA,ESE,0.4,1003.9,-4.3,NA,NA,Light Freezing Fog,1,0,0,0,0,0
2014-01-10T19:13:00Z,-0.6,-0.6,100,7.4,NA,SE,0.8,1002.6,-3.2,NA,NA,Light Freezing Fog,1,0,0,0,0,0
2014-01-10T19:43:00Z,0,-0.6,96,5.6,NA,East,1.6,1001.2,-1.8,NA,NA,Overcast,0,0,0,0,0,0
2014-01-10T19:53:00Z,0,-0.6,96,0,NA,North,1.6,1002.1,NA,NA,NA,Overcast,0,0,0,0,0,0
2014-01-10T20:53:00Z,0,-0.6,96,0,NA,North,1.6,1001.7,NA,NA,NA,Overcast,0,0,0,0,0,0
2014-01-10T21:53:00Z,0,0,100,5.6,NA,ENE,3.2,1001.3,-1.8,NA,NA,Overcast,0,0,0,0,0,0
2014-01-10T22:22:00Z,0,0,100,5.6,NA,East,2.8,1000.2,-1.8,NA,NA,Overcast,0,0,0,0,0,0
2014-01-10T22:33:00Z,0,0,100,0,NA,North,2.8,1000.2,NA,NA,NA,Overcast,0,0,0,0,0,0
2014-01-10T22:43:00Z,0,0,100,0,NA,North,3.2,1000.2,NA,NA,NA,Overcast,0,0,0,0,0,0
2014-01-10T22:53:00Z,0,0,100,0,NA,North,4,1001.2,NA,NA,NA,Overcast,0,0,0,0,0,0
2014-01-10T23:02:00Z,0,0,100,0,NA,North,4.8,1000.2,NA,NA,NA,Overcast,0,0,0,0,0,0
2014-01-10T23:42:00Z,0,0,100,0,NA,North,4,1000.2,NA,NA,NA,Overcast,0,0,0,0,0,0
2014-01-10T23:53:00Z,0,0,100,5.6,NA,NNW,4,1000.9,-1.8,NA,NA,Overcast,0,0,0,0,0,0
2014-01-11T00:15:00Z,0,NA,NA,0,NA,North,4.8,1000.2,NA,NA,NA,Overcast,0,0,0,0,0,0
2014-01-11T00:26:00Z,0,NA,NA,5.6,NA,WNW,4,1000.2,-1.8,NA,NA,Overcast,0,0,0,0,0,0
2014-01-11T00:53:00Z,0,0,100,7.4,NA,WNW,4.8,1000.9,-2.5,NA,NA,Overcast,0,0,0,0,0,0
2014-01-11T01:08:00Z,0,0,100,9.3,NA,WNW,4.8,1000.2,-3.1,NA,NA,Overcast,0,0,0,0,0,0
2014-01-11T01:22:00Z,0,0,100,7.4,NA,WNW,4,1000.2,-2.5,NA,NA,Overcast,0,0,0,0,0,0
2014-01-11T01:53:00Z,0,0,100,9.3,NA,WNW,3.2,1001.2,-3.1,NA,NA,Overcast,0,0,0,0,0,0
2014-01-11T02:08:00Z,0,0,100,7.4,NA,WNW,4.8,1000.2,-2.5,NA,NA,Overcast,0,0,0,0,0,0
2014-01-11T02:53:00Z,-0.6,-0.6,100,11.1,NA,WNW,6.4,1000.9,-4.3,NA,0,Light Snow,0,0,1,0,0,0
2014-01-11T03:53:00Z,-0.6,-0.6,100,14.8,NA,West,8,1001,-5.1,NA,0,Overcast,0,0,0,0,0,0
2014-01-11T04:06:00Z,-0.6,-0.6,100,13,NA,West,9.7,1000.2,-4.7,NA,NA,Overcast,0,0,0,0,0,0
2014-01-11T04:15:00Z,-0.6,-0.6,100,11.1,NA,West,11.3,1000.2,-4.3,NA,NA,Overcast,0,0,0,0,0,0
2014-01-11T04:53:00Z,-0.6,-1.1,96,11.1,NA,West,9.7,1001,-4.3,NA,NA,Overcast,0,0,0,0,0,0
2014-01-11T05:24:00Z,-0.6,-1.1,96,11.1,NA,West,9.7,1000.6,-4.3,NA,NA,Overcast,0,0,0,0,0,0
2014-01-11T05:53:00Z,-0.6,-1.1,96,13,NA,West,9.7,1001.1,-4.7,NA,NA,Overcast,0,0,0,0,0,0
2014-01-11T06:14:00Z,-0.6,-1.1,96,11.1,NA,West,6.4,1000.2,-4.3,NA,NA,Overcast,0,0,0,0,0,0
2014-01-11T06:53:00Z,-0.6,-1.7,92,22.2,NA,WNW,9.7,1000.7,-6.3,NA,NA,Overcast,0,0,0,0,0,0
2014-01-11T07:53:00Z,-0.6,-1.7,92,14.8,NA,WNW,6.4,1001.2,-5.1,NA,NA,Overcast,0,0,0,0,0,0
2014-01-11T08:53:00Z,-0.6,-1.7,92,22.2,NA,WNW,8,1001.3,-6.3,NA,NA,Overcast,0,0,0,0,0,0
2014-01-11T09:35:00Z,-1.7,-2.8,92,11.1,NA,WNW,8,1000.9,-5.6,NA,NA,Scattered Clouds,0,0,0,0,0,0
2014-01-11T09:53:00Z,-2.8,-3.3,96,14.8,NA,West,6.4,1001.6,-7.8,NA,NA,Clear,0,0,0,0,0,0
2014-01-11T10:53:00Z,-3.3,-4.4,92,9.3,NA,West,9.7,1002,-7,NA,NA,Clear,0,0,0,0,0,0
2014-01-11T11:53:00Z,-5,-6.1,92,11.1,NA,West,11.3,1002.4,-9.6,NA,NA,Clear,0,0,0,0,0,0
2014-01-11T12:53:00Z,-5.6,-6.7,92,14.8,NA,West,11.3,1003,-11.3,NA,NA,Clear,0,0,0,0,0,0
2014-01-11T13:53:00Z,-5.6,-7.8,85,9.3,NA,West,14.5,1003.6,-9.7,NA,NA,Clear,0,0,0,0,0,0
2014-01-11T14:53:00Z,-3.3,-6.1,81,24.1,NA,WNW,16.1,1004.4,-10,NA,NA,Clear,0,0,0,0,0,0
2014-01-11T15:53:00Z,-2.2,-5.6,78,22.2,NA,NW,16.1,1005.2,-8.3,NA,NA,Clear,0,0,0,0,0,0
2014-01-11T16:53:00Z,-1.7,-5,78,24.1,NA,NW,16.1,1005.9,-7.9,NA,NA,Clear,0,0,0,0,0,0
2014-01-11T17:36:00Z,-1.1,-4.4,79,33.3,NA,NW,16.1,1005.6,-8.2,NA,NA,Mostly Cloudy,0,0,0,0,0,0
2014-01-11T17:53:00Z,-2.2,-4.4,85,33.3,NA,WNW,16.1,1006.6,-9.7,NA,NA,Overcast,0,0,0,0,0,0
2014-01-11T18:07:00Z,-2.8,-4.4,89,27.8,44.4,NW,14.5,1005.6,-9.8,NA,NA,Overcast,0,0,0,0,0,0
2014-01-11T18:50:00Z,-3,-6,80,24.1,42.6,NW,16.1,1006,-9.6,NA,NA,Overcast,0,0,0,0,0,0
2014-01-11T18:53:00Z,-3.3,-5.6,84,24.1,NA,WNW,16.1,1006.8,-10,NA,NA,Overcast,0,0,0,0,0,0
2014-01-11T19:53:00Z,-2.2,-4.4,85,25.9,NA,NW,16.1,1007.1,-8.8,NA,NA,Overcast,0,0,0,0,0,0
2014-01-11T20:53:00Z,-1.7,-3.9,85,24.1,NA,WNW,16.1,1007.5,-7.9,NA,NA,Overcast,0,0,0,0,0,0
2014-01-11T21:53:00Z,-1.1,-3.3,85,24.1,NA,WNW,16.1,1008.4,-7.2,NA,NA,Overcast,0,0,0,0,0,0
2014-01-11T22:53:00Z,-1.1,-3.3,85,22.2,NA,WNW,16.1,1009.4,-6.9,NA,NA,Overcast,0,0,0,0,0,0
2014-01-11T23:53:00Z,-1.7,-3.9,85,20.4,NA,West,16.1,1010.1,-7.4,NA,NA,Overcast,0,0,0,0,0,0
2014-01-12T00:53:00Z,-1.7,-3.9,85,16.7,NA,West,16.1,1010.4,-6.8,NA,NA,Overcast,0,0,0,0,0,0
2014-01-12T01:27:00Z,-3.9,-5,92,9.3,NA,West,16.1,1009.4,-7.7,NA,NA,Scattered Clouds,0,0,0,0,0,0
2014-01-12T01:53:00Z,-5.6,-6.7,92,7.4,NA,SW,16.1,1010.5,-9.1,NA,NA,Clear,0,0,0,0,0,0
2014-01-12T02:53:00Z,-7.8,-8.9,92,9.3,NA,South,11.3,1010.2,-12.3,NA,NA,Clear,0,0,0,0,0,0
2014-01-12T03:53:00Z,-8.3,-9.4,92,7.4,NA,South,11.3,1010.4,-12.2,NA,NA,Clear,0,0,0,0,0,0
2014-01-12T04:53:00Z,-8.3,-9.4,92,7.4,NA,SSE,11.3,1010.1,-12.2,NA,NA,Clear,0,0,0,0,0,0
2014-01-12T05:53:00Z,-7.8,-8.9,92,7.4,NA,SE,9.7,1009.4,-11.6,NA,NA,Clear,0,0,0,0,0,0
2014-01-12T06:53:00Z,-7.2,-8.3,92,9.3,NA,SSE,11.3,1007.7,-11.6,NA,NA,Clear,0,0,0,0,0,0
2014-01-12T07:53:00Z,-7.2,-8.3,92,7.4,NA,ESE,11.3,1007,-10.9,NA,NA,Clear,0,0,0,0,0,0
2014-01-12T08:53:00Z,-5.6,-6.7,92,9.3,NA,SE,14.5,1006.3,-9.7,NA,NA,Clear,0,0,0,0,0,0
2014-01-12T09:53:00Z,-4.4,-5.6,91,13,NA,SSE,16.1,1005,-9.3,NA,NA,Clear,0,0,0,0,0,0
2014-01-12T10:53:00Z,-1.1,-3.9,82,16.7,NA,South,16.1,1003.4,-6.1,NA,NA,Clear,0,0,0,0,0,0
2014-01-12T11:53:00Z,0.6,-3.3,75,22.2,NA,South,16.1,1002.5,-4.8,NA,NA,Clear,0,0,0,0,0,0
2014-01-12T12:53:00Z,1.1,-3.3,73,25.9,35.2,South,16.1,1000.6,-4.6,NA,NA,Clear,0,0,0,0,0,0
2014-01-12T13:53:00Z,1.1,-3.3,73,13,NA,South,16.1,1001.6,-2.6,NA,NA,Clear,0,0,0,0,0,0
2014-01-12T14:53:00Z,3.3,-2.8,65,14.8,NA,South,16.1,1001,-0.3,NA,NA,Clear,0,0,0,0,0,0
2014-01-12T15:53:00Z,4.4,-2.2,63,18.5,NA,SSW,16.1,1000.7,0.5,NA,NA,Clear,0,0,0,0,0,0
2014-01-12T16:53:00Z,5,-2.2,60,14.8,NA,SSW,16.1,1000.2,1.8,NA,NA,Clear,0,0,0,0,0,0
2014-01-12T17:53:00Z,5,-1.1,65,22.2,NA,SSW,16.1,998.9,0.8,NA,NA,Clear,0,0,0,0,0,0
2014-01-12T18:53:00Z,5,-0.6,67,11.1,NA,SW,16.1,998.4,2.5,NA,NA,Clear,0,0,0,0,0,0
2014-01-12T19:53:00Z,5,0,70,16.7,NA,SW,16.1,998.1,1.5,NA,NA,Clear,0,0,0,0,0,0
2014-01-12T20:53:00Z,4.4,0.6,77,13,NA,SW,16.1,998.3,1.4,NA,NA,Clear,0,0,0,0,0,0
2014-01-12T21:53:00Z,5,1.1,76,0,NA,North,16.1,999.5,NA,NA,NA,Clear,0,0,0,0,0,0
2014-01-12T22:53:00Z,2.8,0,82,11.1,NA,West,16.1,1000.4,-0.2,NA,NA,Clear,0,0,0,0,0,0
2014-01-12T23:53:00Z,2.8,-0.6,79,11.1,NA,West,16.1,1000.9,-0.2,NA,NA,Clear,0,0,0,0,0,0
2014-01-13T00:53:00Z,3.9,-0.6,73,11.1,NA,WNW,16.1,1000.7,1.1,NA,NA,Mostly Cloudy,0,0,0,0,0,0
2014-01-13T01:53:00Z,3.3,0,79,9.3,NA,West,16.1,1001.3,0.8,NA,NA,Overcast,0,0,0,0,0,0
2014-01-13T02:53:00Z,3.9,0,76,18.5,NA,NW,16.1,1001.3,-0.1,NA,NA,Overcast,0,0,0,0,0,0
2014-01-13T03:53:00Z,3.3,0,79,16.7,NA,NW,16.1,1002,-0.6,NA,NA,Mostly Cloudy,0,0,0,0,0,0
2014-01-13T04:53:00Z,3.3,0,79,13,NA,NW,16.1,1002.3,0,NA,NA,Overcast,0,0,0,0,0,0
2014-01-13T05:53:00Z,3.3,-0.6,76,13,NA,WNW,16.1,1002.3,0,NA,NA,Overcast,0,0,0,0,0,0
2014-01-13T06:53:00Z,6.1,-1.1,60,13,31.5,NNW,16.1,1002.1,3.4,NA,NA,Overcast,0,0,0,0,0,0
2014-01-13T07:53:00Z,4.4,-1.1,68,7.4,NA,West,16.1,1002.5,2.6,NA,NA,Overcast,0,0,0,0,0,0
2014-01-13T08:53:00Z,2.8,-1.1,76,11.1,NA,West,16.1,1002.6,-0.2,NA,NA,Overcast,0,0,0,0,0,0
2014-01-13T09:53:00Z,3.9,-1.1,70,20.4,NA,WNW,16.1,1002.7,-0.3,NA,NA,Mostly Cloudy,0,0,0,0,0,0
2014-01-13T10:53:00Z,3.3,-1.1,73,20.4,NA,WNW,16.1,1003.4,-1.1,NA,NA,Overcast,0,0,0,0,0,0
2014-01-13T11:53:00Z,2.2,-1.7,76,29.6,NA,NW,16.1,1004.4,-3.5,NA,NA,Partly Cloudy,0,0,0,0,0,0
2014-01-13T12:53:00Z,1.1,-2.2,79,25.9,NA,NW,16.1,1005.2,-4.6,NA,NA,Clear,0,0,0,0,0,0
2014-01-13T13:17:00Z,1.1,-2.2,79,22.2,NA,NNW,16.1,1005.3,-4.1,NA,NA,Mostly Cloudy,0,0,0,0,0,0
2014-01-13T13:53:00Z,1.1,-1.7,82,27.8,NA,NNW,16.1,1006.2,-4.8,NA,NA,Overcast,0,0,0,0,0,0
2014-01-13T14:14:00Z,1.1,-1.7,82,22.2,NA,NNW,12.9,1006,-4.1,NA,NA,Overcast,0,0,0,0,0,0
2014-01-13T14:53:00Z,1.1,-1.7,82,25.9,NA,NNW,16.1,1007.3,-4.6,NA,NA,Overcast,0,0,0,0,0,0
2014-01-13T15:18:00Z,0.6,-2.8,78,29.6,40.7,North,12.9,1007.3,-5.6,NA,NA,Overcast,0,0,0,0,0,0
2014-01-13T15:53:00Z,0.6,-3.3,75,16.7,NA,North,14.5,1008.5,-3.9,NA,NA,Overcast,0,0,0,0,0,0
2014-01-13T16:53:00Z,1.7,-3.3,70,18.5,NA,NNW,16.1,1008.6,-2.9,NA,NA,Mostly Cloudy,0,0,0,0,0,0
2014-01-13T17:11:00Z,1.1,-2.8,75,18.5,NA,WNW,16.1,1007.7,-3.6,NA,NA,Scattered Clouds,0,0,0,0,0,0
2014-01-13T17:26:00Z,1.7,-3.3,70,27.8,NA,WNW,16.1,1007.7,-4,NA,NA,Mostly Cloudy,0,0,0,0,0,0
2014-01-13T17:33:00Z,1.7,-3.3,70,22.2,NA,WNW,16.1,1007.7,-3.4,NA,NA,Scattered Clouds,0,0,0,0,0,0
2014-01-13T17:53:00Z,2.2,-3.3,67,20.4,NA,WNW,16.1,1008.2,-2.5,NA,NA,Partly Cloudy,0,0,0,0,0,0
2014-01-13T18:53:00Z,2.8,-5,57,22.2,NA,NW,16.1,1007.5,-2,NA,NA,Clear,0,0,0,0,0,0
2014-01-13T19:53:00Z,3.3,-4.4,57,18.5,NA,West,16.1,1007.5,-0.9,NA,NA,Clear,0,0,0,0,0,0
2014-01-13T20:53:00Z,3.3,-5,55,16.7,NA,West,16.1,1007.9,-0.6,NA,NA,Clear,0,0,0,0,0,0
2014-01-13T21:53:00Z,2.8,-3.9,62,16.7,NA,West,16.1,1007.9,-1.2,NA,NA,Clear,0,0,0,0,0,0
2014-01-13T22:53:00Z,1.1,-3.9,70,7.4,NA,SW,16.1,1008.4,-1.2,NA,NA,Clear,0,0,0,0,0,0
2014-01-13T23:53:00Z,0,-4.4,73,11.1,NA,South,16.1,1007.5,-3.6,NA,NA,Clear,0,0,0,0,0,0
2014-01-14T00:53:00Z,0.6,-3.9,72,13,NA,SSW,16.1,1007.2,-3.3,NA,NA,Overcast,0,0,0,0,0,0
2014-01-14T01:53:00Z,1.1,-3.9,70,14.8,NA,SSW,16.1,1006.9,-3,NA,NA,Overcast,0,0,0,0,0,0
2014-01-14T02:53:00Z,0.6,-4.4,70,16.7,NA,South,16.1,1006,-3.9,NA,NA,Mostly Cloudy,0,0,0,0,0,0
2014-01-14T03:53:00Z,0,-3.9,75,16.7,NA,South,16.1,1005.6,-4.7,NA,NA,Clear,0,0,0,0,0,0
2014-01-14T04:53:00Z,0,-3.3,79,20.4,NA,SSW,16.1,1004.5,-5.3,NA,NA,Clear,0,0,0,0,0,0
2014-01-14T05:53:00Z,0,-3.3,79,18.5,NA,South,16.1,1003.5,-5,NA,NA,Clear,0,0,0,0,0,0
2014-01-14T06:53:00Z,0.6,-2.8,78,14.8,NA,SW,16.1,1002.9,-3.6,NA,NA,Mostly Cloudy,0,0,0,0,0,0
2014-01-14T07:53:00Z,1.1,-2.2,79,24.1,NA,SSW,16.1,1001.8,-4.4,NA,NA,Overcast,0,0,0,0,0,0
2014-01-14T08:53:00Z,1.7,-1.1,82,20.4,NA,WSW,16.1,1001.7,-3.1,NA,0.3,Overcast,0,0,0,0,0,0
2014-01-14T09:53:00Z,2.2,0,86,18.5,NA,West,16.1,1001.9,-2.2,NA,0,Overcast,0,0,0,0,0,0
2014-01-14T10:20:00Z,3.9,0.6,79,38.9,61.1,West,16.1,1001.6,-2.1,NA,NA,Overcast,0,0,0,0,0,0
2014-01-14T10:53:00Z,3.9,0.6,79,50,70.4,NW,16.1,1003.1,-2.8,NA,NA,Overcast,0,0,0,0,0,0
2014-01-14T11:53:00Z,2.8,-1.7,73,42.6,66.7,NW,16.1,1005.1,-3.8,NA,NA,Overcast,0,0,0,0,0,0
2014-01-14T12:21:00Z,1.7,-3.9,67,44.4,66.7,NW,16.1,1005.6,-5.4,NA,NA,Scattered Clouds,0,0,0,0,0,0
2014-01-14T12:53:00Z,1.1,-3.9,70,35.2,66.7,NNW,16.1,1007.3,-5.5,NA,NA,Mostly Cloudy,0,0,0,0,0,0
2014-01-14T13:00:00Z,0.6,-3.9,72,38.9,50,NNW,16.1,1007,-6.5,NA,NA,Mostly Cloudy,0,0,0,0,0,0
2014-01-14T13:53:00Z,-1.1,-5.6,72,44.4,61.1,NW,16.1,1009.3,-9.2,NA,NA,Overcast,0,0,0,0,0,0
2014-01-14T14:53:00Z,-1.1,-6.1,69,27.8,61.1,NW,16.1,1011,-7.6,NA,NA,Overcast,0,0,0,0,0,0
2014-01-14T15:53:00Z,-2.2,-8.3,63,53.7,75.9,NNW,16.1,1012.3,-11.4,NA,NA,Overcast,0,0,0,0,0,0
2014-01-14T16:03:00Z,-2.2,-8.3,63,51.9,72.2,NW,16.1,1011.4,-11.2,NA,NA,Overcast,0,0,0,0,0,0
2014-01-14T16:53:00Z,-2.2,-8.9,61,46.3,63,NNW,16.1,1013.5,-10.8,NA,NA,Overcast,0,0,0,0,0,0
2014-01-14T17:42:00Z,-2.8,-7.2,72,29.6,55.6,NW,2.8,1013.1,-10.1,NA,0,Light Snow,0,0,1,0,0,0
2014-01-14T17:49:00Z,-3,-6,80,50,64.8,NW,1.2,1013.1,-12.2,NA,0,Light Snow,0,0,1,0,0,0
2014-01-14T17:53:00Z,-3.9,-6.1,85,35.2,64.8,NW,0.8,1014,-12.1,NA,0,Snow,1,0,1,0,0,0
2014-01-14T18:09:00Z,-3.3,-6.1,81,29.6,53.7,NW,3.2,1013.1,-10.7,NA,0,Light Snow,0,0,1,0,0,0
2014-01-14T18:12:00Z,-3.3,-6.1,81,35.2,50,NW,9.7,1013.1,-11.3,NA,0,Light Snow,0,0,1,0,0,0
2014-01-14T18:24:00Z,-3.3,-7.2,75,40.7,51.9,NW,2.4,1013.1,-11.8,NA,0,Light Snow,0,0,1,0,0,0
2014-01-14T18:34:00Z,-3.3,-7.8,71,38.9,55.6,NW,4,1013.1,-11.7,NA,0,Light Snow,0,0,1,0,0,0
2014-01-14T18:41:00Z,-3.3,-8.3,69,42.6,59.3,NW,12.9,1013.1,-12,NA,0,Light Snow,0,0,1,0,0,0
2014-01-14T18:53:00Z,-2.8,-9.4,61,44.4,61.1,NW,16.1,1014,-11.5,NA,0,Overcast,0,0,0,0,0,0
2014-01-14T19:53:00Z,-3.3,-8.3,69,33.3,50,NW,6.4,1014.8,-11.1,NA,0,Light Snow,0,0,1,0,0,0
2014-01-14T20:15:00Z,-3.9,-7.2,78,35.2,50,NW,4,1014.4,-12.1,NA,0,Light Snow,0,0,1,0,0,0
2014-01-14T20:26:00Z,-3.9,-7.2,78,35.2,55.6,NW,3.2,1014.4,-12.1,NA,0,Light Snow,0,0,1,0,0,0
2014-01-14T20:34:00Z,-3.9,-7.8,75,35.2,46.3,NW,8,1014.8,-12.1,NA,0,Light Snow,0,0,1,0,0,0
2014-01-14T20:37:00Z,-3.9,-7.8,75,42.6,59.3,NW,3.2,1014.8,-12.8,NA,0,Light Snow,0,0,1,0,0,0
2014-01-14T20:44:00Z,-4.4,-7.2,81,27.8,59.3,NW,1.6,1015.1,-11.9,NA,0,Light Snow,0,0,1,0,0,0
2014-01-14T20:51:00Z,-4,-8,74,46.3,57.4,NW,4.8,1015.1,-13.3,NA,0,Light Snow,0,0,1,0,0,0
2014-01-14T20:53:00Z,-4.4,-8.3,75,40.7,57.4,NW,6.4,1015.9,-13.3,NA,0,Light Snow,0,0,1,0,0,0
2014-01-14T21:53:00Z,-4.4,-10,65,33.3,55.6,NW,16.1,1017.4,-12.6,NA,0,Overcast,0,0,0,0,0,0
2014-01-14T22:53:00Z,-5.6,-11.7,63,42.6,51.9,NW,16.1,1018.2,-15.1,NA,NA,Mostly Cloudy,0,0,0,0,0,0
2014-01-14T23:53:00Z,-6.1,-11.7,65,40.7,55.6,NW,16.1,1019,-15.6,NA,NA,Partly Cloudy,0,0,0,0,0,0
2014-01-15T00:22:00Z,-6.1,-11.7,65,40.7,53.7,NW,16.1,1018.5,-15.6,NA,NA,Mostly Cloudy,0,0,0,0,0,0
2014-01-15T00:40:00Z,-6.1,-12.2,63,40.7,61.1,NNW,16.1,1018.8,-15.6,NA,NA,Overcast,0,0,0,0,0,0
2014-01-15T00:53:00Z,-6.1,-12.2,63,31.5,50,NNW,16.1,1020,-14.6,NA,NA,Overcast,0,0,0,0,0,0
2014-01-15T01:04:00Z,-6.1,-12.2,63,48.2,61.1,NW,16.1,1018.8,-16.3,NA,NA,Overcast,0,0,0,0,0,0
2014-01-15T01:53:00Z,-6.7,-11.7,68,35.2,57.4,NW,16.1,1020.4,-15.8,NA,NA,Overcast,0,0,0,0,0,0
2014-01-15T02:19:00Z,-7.2,-12.2,68,37,57.4,NW,16.1,1019.2,-16.7,NA,NA,Overcast,0,0,0,0,0,0
2014-01-15T02:53:00Z,-7.2,-12.2,68,46.3,53.7,NNW,16.1,1020.7,-17.6,NA,NA,Overcast,0,0,0,0,0,0
2014-01-15T03:53:00Z,-8.3,-14.4,62,53.7,68.5,NNW,16.1,1021.1,-19.7,NA,NA,Mostly Cloudy,0,0,0,0,0,0
2014-01-15T04:53:00Z,-8.9,-15,62,44.4,59.3,NNW,16.1,1021.8,-19.7,NA,NA,Clear,0,0,0,0,0,0
2014-01-15T05:53:00Z,-10,-15,67,31.5,42.6,NNW,16.1,1022.1,-19.7,NA,NA,Clear,0,0,0,0,0,0
2014-01-15T06:53:00Z,-10.6,-15,71,33.3,42.6,NNW,16.1,1022,-20.7,NA,NA,Clear,0,0,0,0,0,0
2014-01-15T07:35:00Z,-10.6,-15,71,27.8,38.9,NNW,16.1,1021.2,-19.9,NA,NA,Mostly Cloudy,0,0,0,0,0,0
2014-01-15T07:53:00Z,-10.6,-15,71,31.5,42.6,NNW,16.1,1022.7,-20.5,NA,NA,Overcast,0,0,0,0,0,0
2014-01-15T08:53:00Z,-11.1,-15.6,70,24.1,NA,NNW,16.1,1022.8,-20,NA,NA,Mostly Cloudy,0,0,0,0,0,0
2014-01-15T09:53:00Z,-10.6,-15,71,20.4,NA,North,16.1,1023.1,-18.7,NA,NA,Overcast,0,0,0,0,0,0
2014-01-15T10:53:00Z,-10.6,-15.6,67,22.2,NA,NNW,16.1,1023.1,-19,NA,NA,Overcast,0,0,0,0,0,0
2014-01-15T11:53:00Z,-11.1,-15,73,22.2,NA,NNW,6.4,1023.5,-19.6,NA,0,Light Snow,0,0,1,0,0,0
2014-01-15T12:53:00Z,-11.1,-15.6,70,22.2,NA,NW,16.1,1023.1,-19.6,NA,0,Overcast,0,0,0,0,0,0
2014-01-15T13:53:00Z,-11.1,-15.6,70,16.7,NA,NW,16.1,1023.4,-18.5,NA,NA,Overcast,0,0,0,0,0,0
2014-01-15T14:53:00Z,-11.1,-15,73,13,NA,NNW,16.1,1023.1,-17.5,NA,NA,Overcast,0,0,0,0,0,0
2014-01-15T15:53:00Z,-10.6,-15,71,11.1,NA,WNW,14.5,1023.2,-16.3,NA,NA,Overcast,0,0,0,0,0,0
2014-01-15T16:53:00Z,-9.4,-14.4,68,9.3,NA,West,16.1,1022.8,-14.2,NA,NA,Overcast,0,0,0,0,0,0
2014-01-15T17:43:00Z,-7.8,-13.9,62,22.2,NA,West,16.1,1019.9,-15.5,NA,NA,Scattered Clouds,0,0,0,0,0,0
2014-01-15T17:53:00Z,-8.3,-13.9,65,16.7,NA,West,16.1,1020.7,-15,NA,NA,Partly Cloudy,0,0,0,0,0,0
2014-01-15T18:53:00Z,-6.1,-13.3,57,13,NA,SW,16.1,1018.8,-11.4,NA,NA,Clear,0,0,0,0,0,0
2014-01-15T19:53:00Z,-5,-12.8,55,18.5,NA,SSW,16.1,1016.7,-11.3,NA,NA,Clear,0,0,0,0,0,0
2014-01-15T20:53:00Z,-4.4,-12.8,53,25.9,NA,SSW,16.1,1016,-11.7,NA,NA,Mostly Cloudy,0,0,0,0,0,0
2014-01-15T21:53:00Z,-3.9,-13.3,49,24.1,NA,SSW,16.1,1014.8,-10.8,NA,NA,Overcast,0,0,0,0,0,0
2014-01-15T22:53:00Z,-3.9,-13.3,49,20.4,NA,South,16.1,1014,-10.2,NA,NA,Overcast,0,0,0,0,0,0
2014-01-15T23:53:00Z,-3.9,-12.8,51,20.4,NA,South,16.1,1012.4,-10.2,NA,NA,Overcast,0,0,0,0,0,0
2014-01-16T00:53:00Z,-3.9,-12.2,53,25.9,42.6,South,16.1,1011.1,-11,NA,NA,Overcast,0,0,0,0,0,0
2014-01-16T01:53:00Z,-3.9,-12.2,53,25.9,37,South,16.1,1009.8,-11,NA,NA,Overcast,0,0,0,0,0,0
2014-01-16T02:53:00Z,-3.3,-11.7,53,20.4,NA,SSW,16.1,1008.2,-9.4,NA,NA,Overcast,0,0,0,0,0,0
2014-01-16T03:53:00Z,-3.9,-10.6,60,16.7,NA,SSW,16.1,1007.6,-9.5,NA,NA,Clear,0,0,0,0,0,0
2014-01-16T04:53:00Z,-2.8,-8.9,63,24.1,NA,SSW,16.1,1006.3,-9.4,NA,NA,Clear,0,0,0,0,0,0
2014-01-16T05:53:00Z,-1.1,-7.2,64,35.2,48.2,SW,16.1,1004,-8.4,NA,NA,Scattered Clouds,0,0,0,0,0,0
2014-01-16T06:53:00Z,-1.1,-6.1,69,25.9,NA,SW,16.1,1003.5,-7.4,NA,NA,Partly Cloudy,0,0,0,0,0,0
2014-01-16T07:53:00Z,0,-5,69,20.4,NA,WSW,16.1,1003.2,-5.3,NA,NA,Overcast,0,0,0,0,0,0
2014-01-16T08:53:00Z,0,-5,69,25.9,NA,West,16.1,1002.9,-6,NA,NA,Partly Cloudy,0,0,0,0,0,0
2014-01-16T09:53:00Z,-1.7,-5.6,75,18.5,NA,West,16.1,1002.3,-7.1,NA,NA,Partly Cloudy,0,0,0,0,0,0
2014-01-16T10:53:00Z,0,-5,69,18.5,NA,West,16.1,1001.8,-5,NA,NA,Partly Cloudy,0,0,0,0,0,0
2014-01-16T11:53:00Z,2.2,-4.4,62,31.5,42.6,WNW,16.1,1001.6,-3.7,NA,NA,Scattered Clouds,0,0,0,0,0,0
2014-01-16T12:53:00Z,2.2,-3.9,64,35.2,48.2,WNW,16.1,1001.8,-4,NA,NA,Partly Cloudy,0,0,0,0,0,0
2014-01-16T13:53:00Z,2.2,-2.2,73,38.9,55.6,WNW,16.1,1001.8,-4.3,NA,NA,Overcast,0,0,0,0,0,0
2014-01-16T14:53:00Z,1.7,-4.4,64,38.9,66.7,NW,16.1,1002.8,-5,NA,NA,Overcast,0,0,0,0,0,0
2014-01-16T15:53:00Z,1.7,-4.4,64,40.7,59.3,NW,16.1,1003.6,-5.2,NA,NA,Overcast,0,0,0,0,0,0
2014-01-16T16:53:00Z,1.7,-5.6,59,35.2,51.9,NW,16.1,1004.7,-4.7,NA,0,Mostly Cloudy,0,0,0,0,0,0
2014-01-16T17:53:00Z,1.7,-7.2,52,33.3,42.6,NNW,16.1,1004.7,-4.5,NA,NA,Overcast,0,0,0,0,0,0
2014-01-16T18:53:00Z,1.1,-8.3,50,35.2,48.2,NW,16.1,1004.3,-5.5,NA,NA,Overcast,0,0,0,0,0,0
2014-01-16T19:53:00Z,0,-5.6,66,25.9,NA,WNW,11.3,1004.3,-6,NA,0,Light Snow,0,0,1,0,0,0
2014-01-16T20:13:00Z,-1.1,-5.6,72,13,NA,North,9.7,1003.6,-5.3,NA,0,Light Snow,0,0,1,0,0,0
2014-01-16T20:29:00Z,-1.7,-5,78,22.2,NA,North,2.8,1003.6,-7.7,NA,0,Light Snow,0,0,1,0,0,0
2014-01-16T20:41:00Z,-1.7,-5,78,16.7,NA,North,4,1003.6,-6.8,NA,0,Light Snow,0,0,1,0,0,0
2014-01-16T20:49:00Z,-2,-5,80,20.4,NA,North,2.8,1003.6,-7.8,NA,0.3,Light Snow,0,0,1,0,0,0
2014-01-16T20:53:00Z,-2.2,-5,81,27.8,37,North,2.4,1004.6,-9.1,NA,0.3,Light Snow,0,0,1,0,0,0
2014-01-16T21:09:00Z,-2.8,-5,85,25.9,NA,North,1.2,1003.9,-9.6,NA,0,Light Snow,0,0,1,0,0,0
2014-01-16T21:16:00Z,-3.3,-5.6,84,31.5,42.6,North,0.8,1004.3,-10.9,NA,0,Light Snow,1,0,1,0,0,0
2014-01-16T21:26:00Z,-3.3,-5.6,84,24.1,NA,NNW,1.2,1004.6,-10,NA,0,Light Snow,0,0,1,0,0,0
2014-01-16T21:37:00Z,-3.3,-6.1,81,44.4,57.4,North,1.6,1005,-12.2,NA,0,Light Snow,0,0,1,0,0,0
2014-01-16T21:53:00Z,-5,-7.8,81,38.9,55.6,North,1.2,1006.8,-13.9,NA,0,Light Snow,0,0,1,0,0,0
2014-01-16T22:16:00Z,-6.7,-11.1,71,48.2,68.5,NNW,4,1007,-17.1,NA,0.5,Light Snow,0,0,1,0,0,0
2014-01-16T22:23:00Z,-6.7,-12.2,65,38.9,68.5,NNW,11.3,1007.3,-16.2,NA,0.5,Overcast,0,0,0,0,0,0
2014-01-16T22:38:00Z,-7.8,-12.8,68,46.3,64.8,North,12.9,1007.7,-18.4,NA,0.5,Light Snow,0,0,1,0,0,0
2014-01-16T22:53:00Z,-7.8,-12.8,68,50,66.7,NNW,8,1009.2,-18.7,NA,0.5,Light Snow,0,0,1,0,0,0
2014-01-16T22:58:00Z,-8.9,-12.2,77,53.7,66.7,NNW,2.8,1008.7,-20.6,NA,0,Light Snow,0,0,1,0,0,0
2014-01-16T23:07:00Z,-10,-15,67,51.9,77.8,NNW,4.8,1009,-21.9,NA,0,Light Snow,0,0,1,0,0,0
2014-01-16T23:18:00Z,-10.6,-16.7,62,48.2,74.1,NNW,9.7,1009.4,-22.4,NA,0,Overcast,0,0,0,0,0,0
2014-01-16T23:53:00Z,-11.7,-17.8,61,51.9,74.1,NNW,16.1,1011.7,-24.2,NA,0,Overcast,0,0,0,0,0,0
2014-01-17T00:53:00Z,-12.2,-18.9,58,38.9,57.4,NNW,16.1,1012.7,-23.5,NA,0,Overcast,0,0,0,0,0,0
2014-01-17T01:51:00Z,-13,-17,73,44.4,55.6,NW,4,1012.1,-25.2,NA,0,Light Snow,0,0,1,0,0,0
2014-01-17T01:53:00Z,-12.8,-16.1,77,38.9,55.6,NW,2.8,1013.4,-24.3,NA,0,Light Snow,0,0,1,0,0,0
2014-01-17T02:04:00Z,-12.8,-17.8,67,50,68.5,NNW,4.8,1012.4,-25.6,NA,0,Light Snow,0,0,1,0,0,0
2014-01-17T02:15:00Z,-13.3,-18.9,64,44.4,68.5,NNW,14.5,1012.4,-25.7,NA,0,Overcast,0,0,0,0,0,0
2014-01-17T02:53:00Z,-13.3,-19.4,61,38.9,61.1,NNW,16.1,1014.1,-25,NA,0,Overcast,0,0,0,0,0,0
2014-01-17T03:53:00Z,-13.9,-17.8,73,33.3,55.6,NW,11.3,1014.6,-25.1,NA,NA,Overcast,0,0,0,0,0,0
2014-01-17T04:53:00Z,-13.9,-18.3,70,31.5,46.3,NNW,16.1,1014.9,-24.8,NA,0,Overcast,0,0,0,0,0,0
2014-01-17T05:05:00Z,-13.9,-18.3,70,24.1,48.2,NNW,16.1,1013.8,-23.6,NA,NA,Overcast,0,0,0,0,0,0
2014-01-17T05:43:00Z,-13.3,-17.8,70,35.2,42.6,North,16.1,1013.8,-24.5,NA,NA,Overcast,0,0,0,0,0,0
2014-01-17T05:53:00Z,-13.3,-17.8,70,40.7,48.2,NNW,16.1,1014.8,-25.2,NA,NA,Overcast,0,0,0,0,0,0
2014-01-17T06:08:00Z,-13.3,-17.8,70,37,48.2,NW,16.1,1013.4,-24.8,NA,NA,Overcast,0,0,0,0,0,0
2014-01-17T06:20:00Z,-13.3,-17.8,70,29.6,42.6,NNW,11.3,1013.4,-23.7,NA,NA,Overcast,0,0,0,0,0,0
2014-01-17T06:53:00Z,-13.3,-18.3,67,35.2,46.3,NNW,16.1,1014.8,-24.5,NA,NA,Overcast,0,0,0,0,0,0
2014-01-17T07:53:00Z,-13.9,-18.9,67,38.9,51.9,NW,16.1,1015.1,-25.8,NA,NA,Overcast,0,0,0,0,0,0
2014-01-17T08:53:00Z,-13.9,-18.3,70,37,48.2,NNW,16.1,1015.7,-25.6,NA,NA,Overcast,0,0,0,0,0,0
2014-01-17T09:34:00Z,-13.9,-18.3,70,27.8,38.9,NW,16.1,1014.8,-24.2,NA,NA,Overcast,0,0,0,0,0,0
2014-01-17T09:43:00Z,-13.9,-18.3,70,24.1,37,NW,16.1,1014.8,-23.6,NA,NA,Overcast,0,0,0,0,0,0
2014-01-17T09:50:00Z,-14,-18,72,33.3,42.6,NW,16.1,1014.8,-25.2,NA,NA,Overcast,0,0,0,0,0,0
2014-01-17T09:53:00Z,-13.9,-18.3,70,29.6,42.6,NNW,16.1,1016.2,-24.5,NA,NA,Overcast,0,0,0,0,0,0
2014-01-17T10:04:00Z,-13.9,-17.8,73,27.8,40.7,NNW,16.1,1014.8,-24.2,NA,NA,Overcast,0,0,0,0,0,0
2014-01-17T10:53:00Z,-14.4,-18.3,73,31.5,42.6,NNW,16.1,1016.7,-25.5,NA,NA,Overcast,0,0,0,0,0,0
2014-01-17T11:53:00Z,-15,-18.9,73,33.3,42.6,NNW,16.1,1017.6,-26.5,NA,NA,Overcast,0,0,0,0,0,0
2014-01-17T12:53:00Z,-15.6,-19.4,73,29.6,46.3,NW,16.1,1018,-26.7,NA,NA,Overcast,0,0,0,0,0,0
2014-01-17T13:53:00Z,-16.1,-20,73,24.1,NA,NW,16.1,1018.3,-26.4,NA,NA,Partly Cloudy,0,0,0,0,0,0
2014-01-17T14:53:00Z,-15.6,-20,70,25.9,40.7,NNW,16.1,1018.9,-26.1,NA,NA,Clear,0,0,0,0,0,0
2014-01-17T15:53:00Z,-13.9,-18.9,67,27.8,38.9,NNW,16.1,1019.3,-24.2,NA,NA,Clear,0,0,0,0,0,0
2014-01-17T16:53:00Z,-12.2,-17.2,67,25.9,NA,NW,16.1,1019.6,-21.7,NA,NA,Clear,0,0,0,0,0,0
2014-01-17T17:53:00Z,-10.6,-16.1,65,22.2,NA,NW,16.1,1019.3,-19,NA,NA,Clear,0,0,0,0,0,0
2014-01-17T18:53:00Z,-8.3,-13.9,65,27.8,NA,NW,16.1,1018.6,-17,NA,NA,Clear,0,0,0,0,0,0
2014-01-17T19:53:00Z,-6.7,-13.3,60,27.8,40.7,NW,16.1,1018.2,-14.9,NA,NA,Clear,0,0,0,0,0,0
2014-01-17T20:53:00Z,-5,-12.2,58,22.2,NA,WNW,16.1,1018.4,-11.9,NA,NA,Clear,0,0,0,0,0,0
2014-01-17T21:53:00Z,-5,-13.3,53,25.9,NA,NW,16.1,1018.4,-12.4,NA,NA,Clear,0,0,0,0,0,0
2014-01-17T22:53:00Z,-6.7,-12.2,65,18.5,NA,West,16.1,1018.9,-13.4,NA,NA,Clear,0,0,0,0,0,0
2014-01-17T23:53:00Z,-7.8,-13.3,65,18.5,NA,WNW,16.1,1018.8,-14.8,NA,NA,Clear,0,0,0,0,0,0
2014-01-18T00:53:00Z,-11.1,-14.4,77,13,NA,WSW,16.1,1018.8,-17.5,NA,NA,Clear,0,0,0,0,0,0
2014-01-18T01:53:00Z,-10.6,-14.4,74,14.8,NA,West,16.1,1018.6,-17.4,NA,NA,Clear,0,0,0,0,0,0
2014-01-18T02:53:00Z,-11.1,-14.4,77,9.3,NA,WSW,16.1,1017.7,-16.3,NA,NA,Clear,0,0,0,0,0,0
2014-01-18T03:53:00Z,-11.7,-14.4,81,7.4,NA,SSW,16.1,1016.9,-16.2,NA,NA,Scattered Clouds,0,0,0,0,0,0
2014-01-18T04:53:00Z,-12.2,-15.6,76,7.4,NA,SSE,16.1,1014.7,-16.8,NA,NA,Clear,0,0,0,0,0,0
2014-01-18T05:53:00Z,-13.3,-15.6,83,5.6,NA,SSE,16.1,1013.5,-17,NA,NA,Clear,0,0,0,0,0,0
2014-01-18T06:53:00Z,-10.6,-13.9,77,9.3,NA,SE,16.1,1011.2,-15.7,NA,NA,Overcast,0,0,0,0,0,0
2014-01-18T07:53:00Z,-8.9,-13.3,71,11.1,NA,SE,16.1,1009.3,-14.3,NA,NA,Overcast,0,0,0,0,0,0
2014-01-18T08:53:00Z,-7.8,-13.3,65,14.8,NA,SE,16.1,1007.4,-14,NA,NA,Overcast,0,0,0,0,0,0
2014-01-18T09:53:00Z,-6.7,-13.3,60,18.5,NA,SSE,16.1,1004.1,-13.4,NA,NA,Overcast,0,0,0,0,0,0
2014-01-18T10:53:00Z,-5.6,-11.7,63,18.5,NA,South,16.1,1003,-12,NA,NA,Overcast,0,0,0,0,0,0
2014-01-18T11:53:00Z,-2.8,-9.4,61,18.5,NA,SSW,16.1,1001.1,-8.5,NA,NA,Overcast,0,0,0,0,0,0
2014-01-18T12:24:00Z,-2.2,-6.1,75,25.9,NA,WSW,3.2,999.5,-8.8,NA,0,Light Snow,0,0,1,0,0,0
2014-01-18T12:31:00Z,-2.2,-5,81,25.9,NA,WSW,6.4,999.5,-8.8,NA,0,Light Snow,0,0,1,0,0,0
2014-01-18T12:53:00Z,-2.2,-5,81,20.4,NA,WSW,16.1,1000.3,-8,NA,0,Overcast,0,0,0,0,0,0
2014-01-18T13:04:00Z,-2.2,-4.4,85,18.5,NA,SW,11.3,999.2,-7.7,NA,0,Light Snow,0,0,1,0,0,0
2014-01-18T13:53:00Z,0,-1.7,88,22.2,NA,West,4.8,999.7,-5.5,NA,0,Light Snow,0,0,1,0,0,0
2014-01-18T14:05:00Z,0.6,-1.7,85,22.2,NA,West,6.4,998.5,-4.8,NA,0,Light Snow,0,0,1,0,0,0
2014-01-18T14:50:00Z,2,-1,81,33.3,50,WNW,16.1,999.2,-4.1,NA,0,Overcast,0,0,0,0,0,0
2014-01-18T14:53:00Z,1.7,-0.6,85,35.2,50,WNW,12.9,1000.2,-4.7,NA,0,Light Snow,0,0,1,0,0,0
2014-01-18T15:01:00Z,1.7,-0.6,85,25.9,38.9,WNW,11.3,999.2,-3.8,NA,0,Light Snow,0,0,1,0,0,0
2014-01-18T15:08:00Z,1.7,-0.6,85,25.9,38.9,WNW,14.5,999.2,-3.8,NA,0.3,Overcast,0,0,0,0,0,0
2014-01-18T15:53:00Z,2.2,-0.6,82,24.1,38.9,WNW,16.1,1000.8,-3,NA,0.3,Overcast,0,0,0,0,0,0
2014-01-18T16:15:00Z,2.2,0,86,25.9,NA,WNW,16.1,999.9,-3.2,NA,NA,Overcast,0,0,0,0,0,0
2014-01-18T16:53:00Z,2.8,0,82,25.9,40.7,WNW,16.1,1001.2,-2.4,NA,NA,Overcast,0,0,0,0,0,0
2014-01-18T17:53:00Z,1.7,-0.6,85,24.1,38.9,NW,11.3,1001.8,-3.6,NA,0,Overcast,0,0,0,0,0,0
2014-01-18T18:53:00Z,1.1,-1.7,82,38.9,51.9,NW,16.1,1003,-5.8,NA,NA,Overcast,0,0,0,0,0,0
2014-01-18T19:53:00Z,-1.7,-3.9,85,40.7,64.8,North,16.1,1005.7,-9.7,NA,NA,Overcast,0,0,0,0,0,0
2014-01-18T20:53:00Z,-5,-7.8,81,33.3,64.8,North,16.1,1009.6,-13.4,NA,NA,Overcast,0,0,0,0,0,0
2014-01-18T21:23:00Z,-5.6,-8.9,78,37,55.6,North,11.3,1009.7,-14.6,NA,NA,Overcast,0,0,0,0,0,0
2014-01-18T21:53:00Z,-6.1,-9.4,78,33.3,55.6,North,12.9,1012.8,-14.8,NA,NA,Overcast,0,0,0,0,0,0
2014-01-18T22:53:00Z,-6.7,-10.6,74,33.3,51.9,North,14.5,1014.7,-15.6,NA,NA,Overcast,0,0,0,0,0,0
2014-01-18T23:53:00Z,-7.8,-11.7,74,33.3,44.4,NNW,16.1,1016.6,-17,NA,NA,Scattered Clouds,0,0,0,0,0,0
2014-01-19T00:53:00Z,-8.3,-11.1,81,31.5,38.9,NNW,16.1,1017.4,-17.5,NA,NA,Clear,0,0,0,0,0,0
2014-01-19T01:53:00Z,-8.3,-11.7,77,18.5,NA,NNW,16.1,1017.1,-15.4,NA,NA,Clear,0,0,0,0,0,0
2014-01-19T02:53:00Z,-9.4,-11.7,84,11.1,NA,NW,16.1,1016.9,-14.9,NA,NA,Clear,0,0,0,0,0,0
2014-01-19T03:53:00Z,-10,-12.2,84,13,NA,WSW,16.1,1017,-16.2,NA,NA,Clear,0,0,0,0,0,0
2014-01-19T04:53:00Z,-9.4,-11.7,84,13,NA,WSW,16.1,1016.4,-15.4,NA,NA,Clear,0,0,0,0,0,0
2014-01-19T05:53:00Z,-9.4,-11.7,84,13,NA,WSW,16.1,1015.5,-15.4,NA,NA,Clear,0,0,0,0,0,0
2014-01-19T06:53:00Z,-8.3,-10.6,84,13,NA,SW,16.1,1014.1,-14.1,NA,NA,Clear,0,0,0,0,0,0
2014-01-19T07:53:00Z,-8.3,-10.6,84,18.5,NA,SW,16.1,1013.1,-15.4,NA,NA,Clear,0,0,0,0,0,0
2014-01-19T08:53:00Z,-7.2,-9.4,85,16.7,NA,SW,16.1,1012.5,-13.6,NA,NA,Clear,0,0,0,0,0,0
2014-01-19T09:53:00Z,-8.3,-10,88,13,NA,SW,16.1,1012.4,-14.1,NA,NA,Clear,0,0,0,0,0,0
2014-01-19T10:53:00Z,-6.7,-8.9,85,24.1,NA,WSW,16.1,1010.8,-14.3,NA,NA,Clear,0,0,0,0,0,0
2014-01-19T11:53:00Z,-5.6,-8.3,82,20.4,NA,WSW,16.1,1009.8,-12.3,NA,NA,Clear,0,0,0,0,0,0
2014-01-19T12:53:00Z,-4.4,-7.2,81,24.1,NA,WSW,16.1,1009,-11.4,NA,NA,Clear,0,0,0,0,0,0
2014-01-19T13:53:00Z,-3.9,-7.2,78,27.8,NA,WSW,16.1,1008.1,-11.3,NA,NA,Clear,0,0,0,0,0,0
2014-01-19T14:53:00Z,-1.7,-6.1,72,31.5,NA,WSW,16.1,1007.5,-8.8,NA,NA,Clear,0,0,0,0,0,0
2014-01-19T15:53:00Z,0.6,-5,66,27.8,NA,WSW,16.1,1007,-5.4,NA,NA,Clear,0,0,0,0,0,0
2014-01-19T16:53:00Z,2.8,-3.9,62,25.9,NA,WSW,16.1,1007.2,-2.4,NA,NA,Clear,0,0,0,0,0,0
2014-01-19T17:53:00Z,5.6,-2.8,55,24.1,NA,West,16.1,1005.8,1.4,NA,NA,Clear,0,0,0,0,0,0
2014-01-19T18:53:00Z,7.2,-1.7,53,29.6,NA,WSW,16.1,1003.6,3,NA,NA,Clear,0,0,0,0,0,0
2014-01-19T19:53:00Z,9.4,-0.6,50,31.5,NA,WSW,16.1,1002.4,NA,NA,NA,Clear,0,0,0,0,0,0
2014-01-19T20:53:00Z,10,0,50,24.1,NA,WSW,16.1,1002,NA,NA,NA,Clear,0,0,0,0,0,0
2014-01-19T21:53:00Z,9.4,0,52,18.5,NA,WSW,16.1,1002.1,NA,NA,NA,Clear,0,0,0,0,0,0
2014-01-19T22:53:00Z,7.2,-0.6,58,18.5,NA,West,16.1,1002.3,4,NA,NA,Clear,0,0,0,0,0,0
2014-01-19T23:53:00Z,9.4,-2.2,44,31.5,NA,WNW,16.1,1003.8,NA,NA,NA,Clear,0,0,0,0,0,0
2014-01-20T00:53:00Z,7.2,-2.2,52,29.6,NA,WNW,16.1,1004.9,3,NA,NA,Clear,0,0,0,0,0,0
2014-01-20T01:53:00Z,5.6,-2.2,58,27.8,NA,NW,16.1,1005.7,1.1,NA,NA,Clear,0,0,0,0,0,0
2014-01-20T02:53:00Z,4.4,-1.7,65,24.1,NA,NW,16.1,1006.6,-0.1,NA,NA,Clear,0,0,0,0,0,0
2014-01-20T03:53:00Z,3.3,-1.7,70,24.1,35.2,WNW,16.1,1007.6,-1.5,NA,NA,Clear,0,0,0,0,0,0
2014-01-20T04:53:00Z,2.2,-1.7,76,18.5,NA,NW,16.1,1008.4,-2.2,NA,NA,Clear,0,0,0,0,0,0
2014-01-20T05:53:00Z,1.1,-2.2,79,14.8,NA,WNW,16.1,1009,-3,NA,NA,Clear,0,0,0,0,0,0
2014-01-20T06:53:00Z,-0.6,-3.3,82,11.1,NA,WNW,16.1,1009.1,-4.3,NA,NA,Clear,0,0,0,0,0,0
2014-01-20T07:53:00Z,-1.7,-3.3,89,11.1,NA,West,16.1,1009.4,-5.6,NA,NA,Clear,0,0,0,0,0,0
2014-01-20T08:53:00Z,-0.6,-3.3,82,14.8,NA,West,16.1,1010.8,-5.1,NA,NA,Clear,0,0,0,0,0,0
2014-01-20T09:53:00Z,-1.7,-3.9,85,5.6,NA,NNW,16.1,1010.8,-3.8,NA,NA,Clear,0,0,0,0,0,0
2014-01-20T10:53:00Z,-2.2,-3.9,88,7.4,NA,NW,16.1,1011.2,-5.1,NA,NA,Clear,0,0,0,0,0,0
2014-01-20T11:53:00Z,-1.1,-3.3,85,13,NA,WNW,16.1,1011.5,-5.3,NA,NA,Partly Cloudy,0,0,0,0,0,0
2014-01-20T12:53:00Z,-0.6,-3.3,82,16.7,NA,WNW,16.1,1012.1,-5.4,NA,NA,Clear,0,0,0,0,0,0
2014-01-20T13:53:00Z,-0.6,-3.3,82,16.7,NA,West,16.1,1012.7,-5.4,NA,NA,Clear,0,0,0,0,0,0
2014-01-20T14:53:00Z,0,-2.8,82,11.1,NA,NW,16.1,1013,-3.6,NA,NA,Clear,0,0,0,0,0,0
2014-01-20T15:53:00Z,2.8,-1.7,73,16.7,NA,NW,16.1,1014.1,-1.2,NA,NA,Clear,0,0,0,0,0,0
2014-01-20T16:53:00Z,3.3,-1.7,70,24.1,NA,NW,16.1,1015.1,-1.5,NA,NA,Mostly Cloudy,0,0,0,0,0,0
2014-01-20T17:53:00Z,3.3,-1.7,70,18.5,NA,WNW,16.1,1014.3,-0.9,NA,NA,Overcast,0,0,0,0,0,0
2014-01-20T18:53:00Z,3.9,-1.7,67,13,NA,West,16.1,1013.5,0.8,NA,NA,Overcast,0,0,0,0,0,0
2014-01-20T19:53:00Z,4.4,-2.2,63,18.5,NA,West,16.1,1013.1,0.5,NA,NA,Overcast,0,0,0,0,0,0
2014-01-20T20:53:00Z,3.3,-1.1,73,27.8,40.7,WNW,16.1,1013.1,-1.9,NA,NA,Overcast,0,0,0,0,0,0
2014-01-20T21:24:00Z,2.8,-0.6,79,25.9,44.4,WNW,16.1,1013.1,-2.4,NA,0,Overcast,0,0,0,0,0,0
2014-01-20T21:53:00Z,1.7,0,89,22.2,NA,WNW,14.5,1014.3,-3.4,NA,0,Overcast,0,0,0,0,0,0
2014-01-20T22:16:00Z,1.7,0,89,20.4,NA,NW,14.5,1013.8,-3.1,NA,0.5,Overcast,0,0,0,0,0,0
2014-01-20T22:23:00Z,1.1,-0.6,89,27.8,38.9,NW,4,1013.8,-4.8,NA,0.5,Light Snow,0,0,1,0,0,0
2014-01-20T22:31:00Z,0.6,-0.6,92,29.6,NA,NW,4.8,1013.8,-5.6,NA,0.5,Light Snow,0,0,1,0,0,0
2014-01-20T22:43:00Z,0.6,-0.6,92,29.6,NA,NNW,12.9,1014.1,-5.6,NA,0.5,Overcast,0,0,0,0,0,0
2014-01-20T22:53:00Z,0,-1.7,88,33.3,51.9,North,6.4,1015.6,-6.8,NA,0.5,Overcast,0,0,0,0,0,0
2014-01-20T23:01:00Z,-0.6,-2.2,89,33.3,NA,North,4.8,1014.8,-7.6,NA,NA,Overcast,0,0,0,0,0,0
2014-01-20T23:16:00Z,-1.1,-2.8,88,38.9,46.3,North,4.8,1015.5,-8.7,NA,NA,Overcast,0,0,0,0,0,0
2014-01-20T23:43:00Z,-1.7,-3.9,85,35.2,53.7,North,4,1016.1,-9.2,NA,0,Light Snow,0,0,1,0,0,0
2014-01-20T23:53:00Z,-2.8,-4.4,89,48.2,55.6,North,3.2,1017.5,-11.8,NA,0,Light Snow,0,0,1,0,0,0
2014-01-21T00:03:00Z,-4.4,-6.7,84,42.6,63,North,4.8,1017.2,-13.5,NA,0,Light Snow,0,0,1,0,0,0
2014-01-21T00:53:00Z,-6.7,-9.4,81,40.7,61.1,North,4.8,1020.5,-16.4,NA,0,Light Snow,0,0,1,0,0,0
2014-01-21T01:12:00Z,-7.2,-10.6,77,44.4,57.4,North,6.4,1020.2,-17.4,NA,0,Light Snow,0,0,1,0,0,0
2014-01-21T01:21:00Z,-7.8,-10,84,42.6,61.1,North,2.8,1020.5,-18.1,NA,0,Light Snow,0,0,1,0,0,0
2014-01-21T01:36:00Z,-8.3,-11.7,77,51.9,68.5,North,4.8,1021.2,-19.6,NA,0.5,Light Snow,0,0,1,0,0,0
2014-01-21T01:44:00Z,-8.9,-11.7,81,51.9,66.7,North,3.2,1021.6,-20.4,NA,0.5,Light Snow,0,0,1,0,0,0
2014-01-21T01:53:00Z,-9.4,-11.7,84,46.3,64.8,NNW,2.4,1023.3,-20.6,NA,0.5,Light Snow,0,0,1,0,0,0
2014-01-21T02:04:00Z,-10,-12.2,84,44.4,61.1,North,3.2,1022.2,-21.2,NA,0,Light Snow,0,0,1,0,0,0
2014-01-21T02:06:00Z,-10,-12.2,84,42.6,61.1,North,2.8,1022.6,-21,NA,0,Light Snow,0,0,1,0,0,0
2014-01-21T02:35:00Z,-10.6,-13.3,81,38.9,53.7,North,3.2,1022.9,-21.4,NA,0,Light Snow,0,0,1,0,0,0
2014-01-21T02:44:00Z,-10.6,-13.3,81,35.2,53.7,North,2.4,1023.2,-21,NA,0,Light Snow,0,0,1,0,0,0
2014-01-21T02:53:00Z,-11.1,-13.9,80,38.9,59.3,North,2.4,1025,-22.1,NA,0,Light Snow,0,0,1,0,0,0
2014-01-21T03:11:00Z,-11.7,-13.9,84,37,55.6,North,4,1024.3,-22.6,NA,0,Light Snow,0,0,1,0,0,0
2014-01-21T03:21:00Z,-11.7,-14.4,81,48.2,64.8,North,2,1024.6,-23.9,NA,0,Light Snow,0,0,1,0,0,0
2014-01-21T03:40:00Z,-12.2,-15,80,42.6,57.4,North,4,1024.9,-24,NA,0,Light Snow,0,0,1,0,0,0
2014-01-21T03:53:00Z,-12.8,-15.6,80,44.4,59.3,North,3.2,1026.7,-25,NA,0,Light Snow,0,0,1,0,0,0
2014-01-21T03:57:00Z,-12.8,-16.1,77,50,68.5,North,4.8,1025.3,-25.6,NA,0,Light Snow,0,0,1,0,0,0
2014-01-21T04:07:00Z,-13.3,-16.7,76,50,61.1,North,9.7,1025.6,-26.2,NA,0,Overcast,0,0,0,0,0,0
2014-01-21T04:48:00Z,-14,-18,72,38.9,57.4,North,16.1,1026.3,-25.9,NA,0,Overcast,0,0,0,0,0,0
2014-01-21T04:53:00Z,-13.9,-17.8,73,46.3,57.4,North,16.1,1027.9,-26.7,NA,0,Overcast,0,0,0,0,0,0
2014-01-21T05:12:00Z,-14.4,-18.3,73,44.4,61.1,North,16.1,1027,-27.1,NA,NA,Overcast,0,0,0,0,0,0
2014-01-21T05:44:00Z,-15.6,-20,70,38.9,50,NNW,16.1,1027.7,-28.1,NA,NA,Partly Cloudy,0,0,0,0,0,0
2014-01-21T05:53:00Z,-15.6,-20.6,66,29.6,50,North,16.1,1029.3,-26.7,NA,NA,Partly Cloudy,0,0,0,0,0,0
2014-01-21T06:53:00Z,-16.7,-21.7,66,29.6,48.2,North,16.1,1030,-28.2,NA,NA,Clear,0,0,0,0,0,0
2014-01-21T07:53:00Z,-17.2,-22.2,66,33.3,44.4,North,16.1,1030.7,-29.4,NA,NA,Clear,0,0,0,0,0,0
2014-01-21T08:53:00Z,-17.8,-23.3,63,33.3,42.6,North,16.1,1031.7,-30.2,NA,NA,Clear,0,0,0,0,0,0
2014-01-21T09:53:00Z,-18.9,-23.3,69,24.1,NA,North,16.1,1032.1,-30,NA,NA,Clear,0,0,0,0,0,0
2014-01-21T10:53:00Z,-20,-23.9,72,25.9,NA,NNW,16.1,1033,-31.8,NA,NA,Clear,0,0,0,0,0,0
2014-01-21T11:53:00Z,-20.6,-24.4,72,16.7,NA,North,16.1,1033,-30.3,NA,NA,Clear,0,0,0,0,0,0
2014-01-21T12:53:00Z,-21.1,-25,72,16.7,NA,NNW,16.1,1032.9,-30.9,NA,NA,Clear,0,0,0,0,0,0
2014-01-21T13:53:00Z,-21.7,-25.6,72,13,NA,NW,16.1,1032.8,-30.4,NA,NA,Clear,0,0,0,0,0,0
2014-01-21T14:53:00Z,-20.6,-25,69,16.7,NA,NW,16.1,1033.2,-30.3,NA,NA,Clear,0,0,0,0,0,0
2014-01-21T15:53:00Z,-19.4,-23.9,68,9.3,NA,WNW,16.1,1033.2,-26.1,NA,NA,Clear,0,0,0,0,0,0
2014-01-21T16:53:00Z,-18.3,-23.3,66,7.4,NA,NNW,16.1,1032.8,-23.9,NA,NA,Clear,0,0,0,0,0,0
2014-01-21T17:53:00Z,-17.2,-21.7,69,7.4,NA,WSW,16.1,1030.7,-22.6,NA,NA,Partly Cloudy,0,0,0,0,0,0
2014-01-21T18:53:00Z,-16.7,-21.1,69,7.4,NA,SSW,16.1,1029.3,-22,NA,NA,Mostly Cloudy,0,0,0,0,0,0
2014-01-21T19:53:00Z,-15.6,-20,70,13,NA,SSW,16.1,1027.5,-23,NA,NA,Overcast,0,0,0,0,0,0
2014-01-21T20:53:00Z,-15,-20,66,13,NA,South,16.1,1026.1,-22.3,NA,NA,Overcast,0,0,0,0,0,0
2014-01-21T21:53:00Z,-14.4,-20,63,13,NA,SSE,16.1,1025.3,-21.5,NA,NA,Overcast,0,0,0,0,0,0
2014-01-21T22:53:00Z,-13.9,-19.4,64,14.8,NA,SSE,16.1,1024.2,-21.5,NA,NA,Overcast,0,0,0,0,0,0
2014-01-21T23:53:00Z,-13.9,-18.9,67,11.1,NA,SSE,16.1,1023.6,-20.3,NA,NA,Overcast,0,0,0,0,0,0
2014-01-22T00:53:00Z,-13.3,-18.3,67,18.5,NA,South,16.1,1023.6,-21.7,NA,NA,Overcast,0,0,0,0,0,0
2014-01-22T01:53:00Z,-13.3,-17.2,73,11.1,NA,South,14.5,1023.4,-19.6,NA,0,Light Snow,0,0,1,0,0,0
2014-01-22T02:53:00Z,-12.8,-16.7,73,9.3,NA,SSE,16.1,1022.6,-18.3,NA,0,Overcast,0,0,0,0,0,0
2014-01-22T03:53:00Z,-12.8,-15.6,80,14.8,NA,SSE,16.1,1021.4,-20.1,NA,NA,Overcast,0,0,0,0,0,0
2014-01-22T04:53:00Z,-12.2,-15.6,76,13,NA,South,16.1,1020.2,-18.9,NA,NA,Overcast,0,0,0,0,0,0
2014-01-22T05:53:00Z,-11.7,-15.6,73,13,NA,South,16.1,1019.3,-18.2,NA,NA,Overcast,0,0,0,0,0,0
2014-01-22T06:53:00Z,-10.6,-15.6,67,13,NA,South,16.1,1018,-16.9,NA,NA,Overcast,0,0,0,0,0,0
2014-01-22T07:53:00Z,-10,-15,67,13,NA,SSW,16.1,1017.5,-16.2,NA,NA,Overcast,0,0,0,0,0,0
2014-01-22T08:43:00Z,-9.4,-14.4,68,9.3,NA,SW,16.1,1015.5,-14.2,NA,NA,Overcast,0,0,0,0,0,0
2014-01-22T08:53:00Z,-9.4,-14.4,68,14.8,NA,WSW,16.1,1017,-15.9,NA,NA,Overcast,0,0,0,0,0,0
2014-01-22T09:00:00Z,-9.4,-14.4,68,11.1,NA,SW,16.1,1015.1,-14.9,NA,NA,Overcast,0,0,0,0,0,0
2014-01-22T09:13:00Z,-9.4,-13.9,70,13,NA,WSW,16.1,1015.1,-15.4,NA,NA,Overcast,0,0,0,0,0,0
2014-01-22T09:53:00Z,-8.3,-13.9,65,18.5,NA,WNW,16.1,1016.8,-15.4,NA,NA,Overcast,0,0,0,0,0,0
2014-01-22T10:26:00Z,-8.3,-12.8,71,25.9,NA,NW,16.1,1015.1,-16.7,NA,NA,Overcast,0,0,0,0,0,0
2014-01-22T10:53:00Z,-8.3,-12.2,74,25.9,NA,NW,12.9,1017.1,-16.7,NA,NA,Overcast,0,0,0,0,0,0
2014-01-22T11:09:00Z,-8.3,-12.2,74,24.1,NA,NW,9.7,1015.5,-16.4,NA,0,Light Snow,0,0,1,0,0,0
2014-01-22T11:53:00Z,-8.3,-11.7,77,35.2,44.4,NNW,14.5,1017.7,-17.9,NA,0,Overcast,0,0,0,0,0,0
2014-01-22T12:24:00Z,-9.4,-13.3,74,27.8,46.3,NNW,14.5,1016.5,-18.4,NA,0,Overcast,0,0,0,0,0,0
2014-01-22T12:53:00Z,-10,-13.9,74,27.8,NA,NNW,16.1,1018.6,-19.2,NA,0,Overcast,0,0,0,0,0,0
2014-01-22T13:01:00Z,-10,-13.9,74,37,53.7,NNW,16.1,1017.2,-20.4,NA,NA,Overcast,0,0,0,0,0,0
2014-01-22T13:27:00Z,-11.1,-15,73,33.3,48.2,NNW,16.1,1017.5,-21.4,NA,NA,Scattered Clouds,0,0,0,0,0,0
2014-01-22T13:53:00Z,-12.2,-16.1,73,29.6,44.4,NNW,16.1,1019.7,-22.3,NA,NA,Clear,0,0,0,0,0,0
2014-01-22T14:53:00Z,-11.7,-16.1,70,20.4,NA,NW,16.1,1019.4,-20,NA,NA,Mostly Cloudy,0,0,0,0,0,0
2014-01-22T15:53:00Z,-10.6,-15,71,25.9,NA,NW,16.1,1020,-19.7,NA,NA,Overcast,0,0,0,0,0,0
2014-01-22T16:53:00Z,-8.9,-13.9,68,27.8,40.7,NW,16.1,1020.6,-17.7,NA,NA,Overcast,0,0,0,0,0,0
2014-01-22T17:53:00Z,-8.9,-13.9,68,31.5,44.4,NW,16.1,1020.4,-18.3,NA,NA,Overcast,0,0,0,0,0,0
2014-01-22T18:49:00Z,-8,-13,68,37,46.3,NW,8,1018.8,-17.7,NA,NA,Haze,0,0,0,0,0,0
2014-01-22T18:53:00Z,-8.3,-13.3,68,31.5,46.3,NNW,9.7,1020.4,-17.5,NA,NA,Haze,0,0,0,0,0,0
2014-01-22T19:18:00Z,-8.3,-14.4,62,40.7,53.7,NNW,16.1,1018.5,-18.5,NA,NA,Overcast,0,0,0,0,0,0
2014-01-22T19:35:00Z,-8.9,-13.3,71,37,NA,NNW,4,1018.8,-18.9,NA,0,Light Snow,0,0,1,0,0,0
2014-01-22T19:43:00Z,-9.4,-13.3,74,35.2,48.2,NNW,2,1018.8,-19.4,NA,0,Light Snow,0,0,1,0,0,0
2014-01-22T19:53:00Z,-9.4,-13.3,74,44.4,59.3,NNW,2.8,1020.6,-20.4,NA,0,Light Snow,0,0,1,0,0,0
2014-01-22T20:09:00Z,-10,-13.3,77,40.7,50,NNW,1.2,1019.2,-20.8,NA,0,Light Snow,0,0,1,0,0,0
2014-01-22T20:14:00Z,-10,-13.9,74,35.2,53.7,NNW,1.6,1019.5,-20.2,NA,0,Light Snow,0,0,1,0,0,0
2014-01-22T20:19:00Z,-10,-14.4,71,38.9,53.7,NNW,4.8,1019.5,-20.6,NA,0,Light Snow,0,0,1,0,0,0
2014-01-22T20:53:00Z,-11.1,-18.3,56,46.3,63,NNW,16.1,1022.2,-22.9,NA,0,Scattered Clouds,0,0,0,0,0,0
2014-01-22T21:07:00Z,-11.1,-18.3,56,42.6,59.3,NNW,16.1,1020.9,-22.5,NA,NA,Mostly Cloudy,0,0,0,0,0,0
2014-01-22T21:34:00Z,-12.8,-19.4,59,44.4,61.1,NNW,16.1,1021.9,-25,NA,NA,Scattered Clouds,0,0,0,0,0,0
2014-01-22T21:53:00Z,-13.3,-18.9,64,38.9,57.4,NNW,16.1,1024.4,-25,NA,NA,Scattered Clouds,0,0,0,0,0,0
2014-01-22T22:00:00Z,-13.3,-19.4,61,38.9,59.3,NNW,16.1,1022.6,-25,NA,NA,Mostly Cloudy,0,0,0,0,0,0
2014-01-22T22:45:00Z,-15,-20.6,63,37,51.9,NNW,16.1,1023.9,-27,NA,NA,Scattered Clouds,0,0,0,0,0,0
2014-01-22T22:53:00Z,-15,-20,66,35.2,51.9,NNW,16.1,1026,-26.8,NA,NA,Mostly Cloudy,0,0,0,0,0,0
2014-01-22T23:53:00Z,-16.7,-20.6,72,40.7,55.6,NNW,11.3,1027.5,-29.8,NA,NA,Mostly Cloudy,0,0,0,0,0,0
2014-01-23T00:00:00Z,-17.2,-21.1,72,37,55.6,NNW,9.7,1026,-30,NA,NA,Haze,0,0,0,0,0,0
2014-01-23T00:09:00Z,-17.2,-22.2,66,42.6,61.1,NNW,16.1,1026.3,-30.7,NA,NA,Scattered Clouds,0,0,0,0,0,0
2014-01-23T00:53:00Z,-18.3,-22.8,69,35.2,NA,NNW,16.1,1029.2,-31.1,NA,NA,Mostly Cloudy,0,0,0,0,0,0
2014-01-23T01:09:00Z,-18.3,-23.3,66,37,50,NNW,16.1,1027.3,-31.4,NA,NA,Scattered Clouds,0,0,0,0,0,0
2014-01-23T01:33:00Z,-18.3,-23.3,66,37,50,NNW,16.1,1028,-31.4,NA,NA,Mostly Cloudy,0,0,0,0,0,0
2014-01-23T01:53:00Z,-18.9,-23.9,66,38.9,55.6,NNW,16.1,1030.8,-32.5,NA,NA,Mostly Cloudy,0,0,0,0,0,0
2014-01-23T02:22:00Z,-19.4,-24.4,65,37,NA,NNW,16.1,1029,-32.9,NA,NA,Partly Cloudy,0,0,0,0,0,0
2014-01-23T02:53:00Z,-19.4,-23.9,68,35.2,53.7,NNW,16.1,1031.5,-32.6,NA,NA,Clear,0,0,0,0,0,0
2014-01-23T03:08:00Z,-19.4,-23.3,72,25.9,40.7,NNW,9.7,1030,-31,NA,NA,Haze,0,0,0,0,0,0
2014-01-23T03:38:00Z,-20,-24.4,69,29.6,53.7,NNW,16.1,1030.4,-32.5,NA,NA,Scattered Clouds,0,0,0,0,0,0
2014-01-23T03:53:00Z,-20,-24.4,69,35.2,42.6,NNW,16.1,1032.9,-33.4,NA,NA,Scattered Clouds,0,0,0,0,0,0
2014-01-23T04:26:00Z,-20,-24.4,69,25.9,NA,NNW,16.1,1031.4,-31.8,NA,NA,Mostly Cloudy,0,0,0,0,0,0
2014-01-23T04:53:00Z,-20.6,-24.4,72,29.6,40.7,NNW,16.1,1033.8,-33.2,NA,NA,Mostly Cloudy,0,0,0,0,0,0
2014-01-23T05:53:00Z,-20.6,-25,69,25.9,40.7,NNW,16.1,1034.9,-32.5,NA,NA,Mostly Cloudy,0,0,0,0,0,0
2014-01-23T06:01:00Z,-20.6,-25,69,29.6,40.7,NW,16.1,1033.1,-33.2,NA,NA,Scattered Clouds,0,0,0,0,0,0
2014-01-23T06:25:00Z,-20.6,-24.4,72,24.1,NA,NNW,16.1,1033.1,-32.1,NA,NA,Mostly Cloudy,0,0,0,0,0,0
2014-01-23T06:53:00Z,-20.6,-25,69,31.5,42.6,NNW,16.1,1035.3,-33.6,NA,NA,Mostly Cloudy,0,0,0,0,0,0
2014-01-23T07:05:00Z,-21.1,-25,72,33.3,42.6,NNW,16.1,1033.4,-34.5,NA,NA,Scattered Clouds,0,0,0,0,0,0
2014-01-23T07:53:00Z,-21.1,-25,72,27.8,35.2,NW,16.1,1036.2,-33.5,NA,NA,Mostly Cloudy,0,0,0,0,0,0
2014-01-23T08:53:00Z,-21.1,-25.6,68,24.1,42.6,NNW,16.1,1037.3,-32.8,NA,NA,Overcast,0,0,0,0,0,0
2014-01-23T09:53:00Z,-21.7,-25.6,72,24.1,NA,NW,16.1,1037.8,-33.6,NA,NA,Scattered Clouds,0,0,0,0,0,0
2014-01-23T10:53:00Z,-21.7,-26.1,68,31.5,46.3,NW,16.1,1038.6,-35,NA,NA,Clear,0,0,0,0,0,0
2014-01-23T11:53:00Z,-22.2,-26.1,71,20.4,NA,NW,16.1,1040.1,-33.3,NA,NA,Clear,0,0,0,0,0,0
2014-01-23T12:53:00Z,-22.2,-26.1,71,18.5,NA,NNW,16.1,1041.4,-32.8,NA,NA,Clear,0,0,0,0,0,0
2014-01-23T13:53:00Z,-22.2,-26.1,71,27.8,NA,NW,16.1,1042.1,-35,NA,NA,Clear,0,0,0,0,0,0
2014-01-23T14:53:00Z,-21.1,-25.6,68,25.9,NA,NNW,16.1,1042.8,-33.2,NA,NA,Clear,0,0,0,0,0,0
2014-01-23T15:53:00Z,-20,-25,65,27.8,NA,NNW,16.1,1043.5,-32.1,NA,NA,Clear,0,0,0,0,0,0
2014-01-23T16:53:00Z,-18.3,-23.9,62,20.4,NA,NW,16.1,1044,-28.4,NA,NA,Clear,0,0,0,0,0,0
2014-01-23T17:53:00Z,-17.2,-23.3,60,20.4,NA,NW,16.1,1043.7,-27,NA,NA,Clear,0,0,0,0,0,0
2014-01-23T18:53:00Z,-15.6,-21.7,60,22.2,NA,NW,16.1,1042.9,-25.4,NA,NA,Clear,0,0,0,0,0,0
2014-01-23T19:53:00Z,-15,-21.1,61,16.7,33.3,NW,16.1,1042.1,-23.3,NA,NA,Clear,0,0,0,0,0,0
2014-01-23T20:53:00Z,-14.4,-20.6,60,25.9,NA,WNW,16.1,1041.6,-24.5,NA,NA,Clear,0,0,0,0,0,0
2014-01-23T21:53:00Z,-13.9,-20,61,20.4,NA,WNW,16.1,1041.4,-22.8,NA,NA,Clear,0,0,0,0,0,0
2014-01-23T22:53:00Z,-13.9,-20.6,58,18.5,NA,NW,16.1,1041.4,-22.4,NA,NA,Clear,0,0,0,0,0,0
2014-01-23T23:53:00Z,-15.6,-21.1,64,7.4,NA,WNW,16.1,1040.7,-20.7,NA,NA,Clear,0,0,0,0,0,0
2014-01-24T00:53:00Z,-17.2,-21.1,72,13,NA,West,16.1,1040.6,-24.9,NA,NA,Clear,0,0,0,0,0,0
2014-01-24T01:53:00Z,-17.8,-21.1,76,11.1,NA,West,16.1,1039.7,-25,NA,NA,Clear,0,0,0,0,0,0
2014-01-24T02:53:00Z,-18.3,-21.1,79,9.3,NA,SW,16.1,1037.9,-24.8,NA,NA,Clear,0,0,0,0,0,0
2014-01-24T03:53:00Z,-17.2,-21.1,72,13,NA,SSW,16.1,1036.6,-24.9,NA,NA,Clear,0,0,0,0,0,0
2014-01-24T04:53:00Z,-16.7,-21.1,69,16.7,NA,SSW,16.1,1035.3,-25.4,NA,NA,Clear,0,0,0,0,0,0
2014-01-24T05:53:00Z,-16.1,-21.1,66,18.5,NA,SSW,16.1,1033.6,-25.2,NA,NA,Clear,0,0,0,0,0,0
2014-01-24T06:53:00Z,-15,-20.6,63,22.2,NA,SSW,16.1,1031.2,-24.6,NA,NA,Clear,0,0,0,0,0,0
2014-01-24T07:53:00Z,-13.9,-20,61,27.8,NA,SSW,16.1,1029.2,-24.2,NA,NA,Clear,0,0,0,0,0,0
2014-01-24T08:53:00Z,-13.3,-20,58,27.8,NA,SSW,16.1,1027.3,-23.4,NA,NA,Clear,0,0,0,0,0,0
2014-01-24T09:53:00Z,-11.7,-20,51,33.3,42.6,SSW,16.1,1025.4,-22.2,NA,NA,Clear,0,0,0,0,0,0
2014-01-24T10:53:00Z,-11.7,-19.4,54,25.9,35.2,SSW,16.1,1023.3,-21.1,NA,NA,Clear,0,0,0,0,0,0
2014-01-24T11:53:00Z,-10,-17.8,54,22.2,NA,SSW,16.1,1021.4,-18.2,NA,NA,Clear,0,0,0,0,0,0
2014-01-24T12:53:00Z,-8.9,-16.7,54,40.7,53.7,SSW,16.1,1018.5,-19.3,NA,NA,Clear,0,0,0,0,0,0
2014-01-24T13:53:00Z,-8.3,-16.1,54,33.3,50,SW,16.1,1018,-17.7,NA,NA,Scattered Clouds,0,0,0,0,0,0
2014-01-24T14:53:00Z,-7.8,-15.6,54,35.2,NA,SW,16.1,1017.1,-17.3,NA,NA,Overcast,0,0,0,0,0,0
2014-01-24T15:53:00Z,-6.7,-14.4,55,29.6,NA,WSW,16.1,1015.9,-15.1,NA,NA,Overcast,0,0,0,0,0,0
2014-01-24T16:53:00Z,-5.6,-13.3,55,38.9,53.7,SW,16.1,1014.4,-14.7,NA,NA,Overcast,0,0,0,0,0,0
2014-01-24T17:53:00Z,-3.3,-11.7,53,33.3,48.2,WSW,16.1,1012.6,-11.1,NA,NA,Overcast,0,0,0,0,0,0
2014-01-24T18:53:00Z,-1.1,-11.1,47,33.3,NA,WSW,16.1,1010.7,-8.2,NA,NA,Overcast,0,0,0,0,0,0
2014-01-24T19:53:00Z,0,-10,48,29.6,NA,WSW,16.1,1009.4,-6.4,NA,NA,Overcast,0,0,0,0,0,0
2014-01-24T20:53:00Z,1.1,-9.4,46,33.3,NA,WSW,16.1,1008,-5.3,NA,NA,Partly Cloudy,0,0,0,0,0,0
2014-01-24T21:53:00Z,1.7,-8.9,46,25.9,NA,WSW,16.1,1007.2,-3.8,NA,NA,Mostly Cloudy,0,0,0,0,0,0
2014-01-24T22:53:00Z,1.1,-8.3,50,27.8,NA,WSW,16.1,1005.7,-4.8,NA,NA,Mostly Cloudy,0,0,0,0,0,0
2014-01-24T23:53:00Z,1.1,-7.8,52,24.1,NA,SW,16.1,1005,-4.4,NA,NA,Overcast,0,0,0,0,0,0
2014-01-25T00:53:00Z,1.7,-7.2,52,14.8,NA,WSW,16.1,1004.8,-2.3,NA,NA,Overcast,0,0,0,0,0,0
2014-01-25T01:53:00Z,2.8,-4.4,59,22.2,NA,West,16.1,1003.6,-2,NA,NA,Overcast,0,0,0,0,0,0
2014-01-25T02:49:00Z,1,-1,87,16.7,NA,West,16.1,1002.3,-3.4,NA,0,Overcast,0,0,0,0,0,0
2014-01-25T02:53:00Z,1.1,-0.6,89,16.7,NA,West,16.1,1002.9,-3.3,NA,0,Overcast,0,0,0,0,0,0
2014-01-25T03:04:00Z,1.7,-1.1,82,16.7,NA,West,16.1,1001.9,-2.6,NA,NA,Overcast,0,0,0,0,0,0
2014-01-25T03:23:00Z,2.8,-0.6,79,24.1,NA,West,16.1,1001.6,-2.2,NA,NA,Overcast,0,0,0,0,0,0
2014-01-25T03:49:00Z,4,1,81,24.1,40.7,WNW,16.1,1001.6,-0.6,NA,NA,Overcast,0,0,0,0,0,0
2014-01-25T03:53:00Z,3.9,1.1,82,22.2,NA,WNW,16.1,1002.4,-0.6,NA,NA,Overcast,0,0,0,0,0,0
2014-01-25T04:14:00Z,3.9,1.1,82,29.6,37,NW,16.1,1001.6,-1.3,NA,NA,Overcast,0,0,0,0,0,0
2014-01-25T04:25:00Z,4.4,1.1,79,29.6,NA,NW,16.1,1001.6,-0.7,NA,NA,Overcast,0,0,0,0,0,0
2014-01-25T04:53:00Z,3.9,0.6,79,25.9,NA,NW,16.1,1002.9,-1,NA,NA,Overcast,0,0,0,0,0,0
2014-01-25T05:53:00Z,2.8,-0.6,79,37,51.9,NNW,16.1,1004.4,-3.4,NA,NA,Overcast,0,0,0,0,0,0
2014-01-25T06:21:00Z,2.2,-1.7,76,31.5,51.9,NNW,16.1,1003.9,-3.7,NA,NA,Overcast,0,0,0,0,0,0
2014-01-25T06:53:00Z,2.2,-1.7,76,27.8,38.9,NW,16.1,1004.8,-3.4,NA,NA,Overcast,0,0,0,0,0,0
2014-01-25T07:53:00Z,1.1,-2.2,79,22.2,33.3,WNW,16.1,1005.1,-4.1,NA,NA,Overcast,0,0,0,0,0,0
2014-01-25T08:53:00Z,1.1,-2.8,75,33.3,NA,NW,16.1,1005.9,-5.3,NA,NA,Mostly Cloudy,0,0,0,0,0,0
2014-01-25T09:29:00Z,0.6,-3.9,72,48.2,75.9,NNW,16.1,1006,-7.2,NA,NA,Mostly Cloudy,0,0,0,0,0,0
2014-01-25T09:53:00Z,-0.6,-4.4,76,37,50,NNW,16.1,1007.5,-7.9,NA,NA,Overcast,0,0,0,0,0,0
2014-01-25T10:15:00Z,-1.1,-5,75,40.7,59.3,NNW,11.3,1007,-8.9,NA,0,Light Snow,0,0,1,0,0,0
2014-01-25T10:53:00Z,-2.2,-8.9,61,37,50,NNW,16.1,1008.3,-10,NA,0,Overcast,0,0,0,0,0,0
2014-01-25T11:53:00Z,-5,-13.9,50,44.4,64.8,NNW,16.1,1010.2,-14.5,NA,NA,Mostly Cloudy,0,0,0,0,0,0
2014-01-25T12:53:00Z,-7.8,-16.1,52,35.2,53.7,NNW,16.1,1011.6,-17.3,NA,NA,Clear,0,0,0,0,0,0
2014-01-25T13:53:00Z,-10,-19.4,47,46.3,61.1,NNW,16.1,1013.3,-21.4,NA,NA,Clear,0,0,0,0,0,0
2014-01-25T14:53:00Z,-10,-20.6,43,44.4,72.2,NNW,16.1,1014.5,-21.2,NA,NA,Clear,0,0,0,0,0,0
2014-01-25T15:53:00Z,-9.4,-20.6,41,46.3,64.8,NNW,16.1,1015.3,-20.6,NA,NA,Clear,0,0,0,0,0,0
2014-01-25T16:53:00Z,-8.3,-20.6,37,29.6,50,NNW,16.1,1016.4,-17.2,NA,NA,Clear,0,0,0,0,0,0
2014-01-25T17:53:00Z,-7.2,-21.7,31,31.5,46.3,NNW,16.1,1016.3,-16,NA,NA,Clear,0,0,0,0,0,0
2014-01-25T18:53:00Z,-7.2,-22.8,29,35.2,50,NNW,16.1,1015.9,-16.5,NA,NA,Clear,0,0,0,0,0,0
2014-01-25T19:53:00Z,-6.1,-22.2,28,33.3,NA,NW,16.1,1015.9,-14.8,NA,NA,Clear,0,0,0,0,0,0
2014-01-25T20:53:00Z,-5.6,-22.2,27,25.9,46.3,NW,16.1,1015.2,-13.2,NA,NA,Clear,0,0,0,0,0,0
2014-01-25T21:53:00Z,-5.6,-21.7,28,24.1,37,NW,16.1,1014.9,-12.9,NA,NA,Clear,0,0,0,0,0,0
2014-01-25T22:53:00Z,-6.1,-20,33,16.7,NA,NW,16.1,1014.2,-12.3,NA,NA,Clear,0,0,0,0,0,0
2014-01-25T23:53:00Z,-6.1,-17.8,40,13,NA,WNW,16.1,1014,-11.4,NA,NA,Clear,0,0,0,0,0,0
2014-01-26T00:53:00Z,-6.7,-17.2,44,7.4,NA,West,16.1,1013.4,-10.3,NA,NA,Mostly Cloudy,0,0,0,0,0,0
2014-01-26T01:53:00Z,-6.7,-16.1,48,7.4,NA,South,16.1,1011.4,-10.3,NA,NA,Overcast,0,0,0,0,0,0
2014-01-26T02:53:00Z,-6.1,-16.1,46,14.8,NA,SSE,16.1,1008.3,-11.9,NA,NA,Overcast,0,0,0,0,0,0
2014-01-26T03:53:00Z,-5.6,-15,48,16.7,NA,SSE,16.1,1006.3,-11.6,NA,NA,Overcast,0,0,0,0,0,0
2014-01-26T04:53:00Z,-5.6,-15,48,24.1,NA,SSE,16.1,1003.4,-12.9,NA,NA,Overcast,0,0,0,0,0,0
2014-01-26T05:53:00Z,-4.4,-14.4,46,20.4,NA,SSE,16.1,1000.1,-10.8,NA,NA,Overcast,0,0,0,0,0,0
2014-01-26T06:53:00Z,-3.3,-12.8,49,16.7,NA,South,16.1,998.2,-8.8,NA,NA,Mostly Cloudy,0,0,0,0,0,0
2014-01-26T07:53:00Z,-0.6,-8.3,57,18.5,NA,SSW,16.1,995.9,-5.7,NA,NA,Mostly Cloudy,0,0,0,0,0,0
2014-01-26T08:53:00Z,3.9,-3.3,60,31.5,42.6,West,16.1,995.6,-1.5,NA,NA,Overcast,0,0,0,0,0,0
2014-01-26T09:53:00Z,5,-1.1,65,44.4,72.2,NW,16.1,996.9,-1,NA,NA,Overcast,0,0,0,0,0,0
2014-01-26T10:15:00Z,4.4,-1.1,68,46.3,61.1,NW,16.1,996.5,-1.9,NA,NA,Overcast,0,0,0,0,0,0
2014-01-26T10:53:00Z,4.4,-1.1,68,40.7,59.3,NW,16.1,997.8,-1.5,NA,NA,Overcast,0,0,0,0,0,0
2014-01-26T11:53:00Z,4.4,-2.2,63,44.4,68.5,WNW,16.1,998.7,-1.8,NA,NA,Overcast,0,0,0,0,0,0
2014-01-26T12:53:00Z,3.3,-3.3,62,27.8,53.7,NW,16.1,999.8,-1.9,NA,NA,Overcast,0,0,0,0,0,0
2014-01-26T13:53:00Z,3.3,-3.3,62,55.6,72.2,NW,16.1,1000.9,-3.9,NA,NA,Overcast,0,0,0,0,0,0
2014-01-26T14:53:00Z,2.2,-5,59,35.2,59.3,NW,16.1,1001.4,-4,NA,NA,Clear,0,0,0,0,0,0
2014-01-26T15:53:00Z,3.3,-5.6,53,27.8,50,WNW,16.1,1001.1,-1.9,NA,NA,Clear,0,0,0,0,0,0
2014-01-26T16:53:00Z,4.4,-6.1,47,33.3,NA,WNW,16.1,1000.7,-1,NA,NA,Scattered Clouds,0,0,0,0,0,0
2014-01-26T17:53:00Z,3.9,-5.6,50,29.6,NA,West,16.1,1000.4,-1.3,NA,NA,Overcast,0,0,0,0,0,0
2014-01-26T18:53:00Z,5,-4.4,51,25.9,NA,WSW,16.1,999,0.4,NA,NA,Clear,0,0,0,0,0,0
2014-01-26T19:53:00Z,6.1,-2.2,56,27.8,NA,WSW,16.1,997.4,1.7,NA,NA,Overcast,0,0,0,0,0,0
2014-01-26T20:16:00Z,1.7,-3.9,67,40.7,61.1,North,11.3,998.9,-5.2,NA,0,Light Snow,0,0,1,0,0,0
2014-01-26T20:53:00Z,0,-3.3,79,31.5,NA,North,16.1,1000.2,-6.6,NA,0,Overcast,0,0,0,0,0,0
2014-01-26T21:53:00Z,-2.8,-6.7,75,35.2,46.3,NNW,16.1,1003.1,-10.7,NA,0,Overcast,0,0,0,0,0,0
2014-01-26T22:35:00Z,-3.3,-7.8,71,46.3,66.7,NNW,12.9,1005,-12.3,NA,NA,Overcast,0,0,0,0,0,0
2014-01-26T22:53:00Z,-5,-10,68,48.2,68.5,NNW,16.1,1007.2,-14.8,NA,NA,Overcast,0,0,0,0,0,0
2014-01-26T23:53:00Z,-7.2,-11.7,71,46.3,68.5,NNW,8,1010.2,-17.6,NA,0,Light Snow,0,0,1,0,0,0
2014-01-27T00:01:00Z,-7.8,-11.7,74,51.9,74.1,NNW,2.8,1010,-18.9,NA,0,Light Snow,0,0,1,0,0,0
2014-01-27T00:13:00Z,-9.4,-13.3,74,61.1,74.1,NNW,3.2,1011.1,-21.8,NA,0,Light Snow,0,0,1,0,0,0
2014-01-27T00:19:00Z,-10,-14.4,71,53.7,83.3,NNW,11.3,1011.4,-22.1,NA,0,Overcast,0,0,0,0,0,0
2014-01-27T00:53:00Z,-10.6,-17.2,59,63,77.8,NW,16.1,1014.3,-23.6,NA,0,Overcast,0,0,0,0,0,0
2014-01-27T01:06:00Z,-11.1,-20,49,53.7,79.6,NW,12.9,1013.4,-23.6,NA,NA,Scattered Clouds,0,0,0,0,0,0
2014-01-27T01:53:00Z,-12.8,-20,56,42.6,68.5,NNW,16.1,1016.9,-24.8,NA,NA,Mostly Cloudy,0,0,0,0,0,0
2014-01-27T02:53:00Z,-14.4,-22.8,50,42.6,79.6,NW,16.1,1018.8,-26.9,NA,NA,Scattered Clouds,0,0,0,0,0,0
2014-01-27T03:53:00Z,-15,-22.8,52,44.4,64.8,NW,16.1,1020.6,-27.9,NA,NA,Overcast,0,0,0,0,0,0
2014-01-27T04:53:00Z,-16.7,-24.4,52,37,64.8,NW,16.1,1022.3,-29.3,NA,NA,Clear,0,0,0,0,0,0
2014-01-27T05:53:00Z,-17.2,-23.9,57,29.6,44.4,NW,16.1,1023.6,-28.8,NA,NA,Clear,0,0,0,0,0,0
2014-01-27T06:24:00Z,-17.2,-22.8,63,38.9,50,NW,16.1,1022.6,-30.2,NA,NA,Mostly Cloudy,0,0,0,0,0,0
2014-01-27T06:53:00Z,-17.8,-24.4,57,44.4,61.1,NW,16.1,1024,-31.7,NA,NA,Scattered Clouds,0,0,0,0,0,0
2014-01-27T07:15:00Z,-17.8,-23.3,63,38.9,50,NW,16.1,1023.2,-31,NA,NA,Mostly Cloudy,0,0,0,0,0,0
2014-01-27T07:45:00Z,-18.3,-25.6,54,31.5,NA,NW,16.1,1024.3,-30.6,NA,NA,Scattered Clouds,0,0,0,0,0,0
2014-01-27T07:53:00Z,-18.3,-25,57,27.8,NA,NW,16.1,1025.9,-29.9,NA,NA,Partly Cloudy,0,0,0,0,0,0
2014-01-27T08:53:00Z,-18.3,-25,57,37,50,NW,16.1,1026.4,-31.4,NA,NA,Clear,0,0,0,0,0,0
2014-01-27T09:53:00Z,-18.3,-25,57,27.8,42.6,NW,16.1,1026.7,-29.9,NA,NA,Clear,0,0,0,0,0,0
2014-01-27T10:25:00Z,-18.9,-24.4,63,31.5,48.2,NW,16.1,1025.3,-31.3,NA,NA,Mostly Cloudy,0,0,0,0,0,0
2014-01-27T10:53:00Z,-18.9,-25,60,29.6,50,NW,16.1,1027.8,-31,NA,NA,Scattered Clouds,0,0,0,0,0,0
2014-01-27T11:53:00Z,-20,-26.7,56,27.8,46.3,NNW,16.1,1029.2,-32.1,NA,NA,Clear,0,0,0,0,0,0
2014-01-27T12:53:00Z,-20.6,-25.6,65,22.2,NA,NW,16.1,1030,-31.7,NA,NA,Partly Cloudy,0,0,0,0,0,0
2014-01-27T13:53:00Z,-20.6,-26.1,62,27.8,48.2,NW,16.1,1030.5,-32.9,NA,NA,Clear,0,0,0,0,0,0
2014-01-27T14:53:00Z,-20,-26.7,56,38.9,50,NW,16.1,1031.8,-33.9,NA,NA,Clear,0,0,0,0,0,0
2014-01-27T15:53:00Z,-18.9,-26.1,54,35.2,46.3,NNW,16.1,1032.5,-31.9,NA,NA,Clear,0,0,0,0,0,0
2014-01-27T16:53:00Z,-18.3,-26.7,49,31.5,44.4,NNW,16.1,1033.3,-30.6,NA,NA,Clear,0,0,0,0,0,0
2014-01-27T17:53:00Z,-17.2,-25.6,49,27.8,NA,NW,16.1,1033.2,-28.5,NA,NA,Partly Cloudy,0,0,0,0,0,0
2014-01-27T18:53:00Z,-16.7,-25.6,47,27.8,NA,NNW,16.1,1032.6,-27.8,NA,NA,Clear,0,0,0,0,0,0
2014-01-27T19:53:00Z,-15.6,-25.6,43,29.6,35.2,NW,16.1,1032.4,-26.7,NA,NA,Clear,0,0,0,0,0,0
2014-01-27T20:53:00Z,-15.6,-25.6,43,20.4,NA,NNW,16.1,1032.5,-25,NA,NA,Clear,0,0,0,0,0,0
2014-01-27T21:53:00Z,-15.6,-25,46,13,NA,NNW,16.1,1032.7,-23,NA,NA,Clear,0,0,0,0,0,0
2014-01-27T22:53:00Z,-16.1,-25,47,18.5,NA,NNW,16.1,1033.2,-25.2,NA,NA,Clear,0,0,0,0,0,0
2014-01-27T23:53:00Z,-17.2,-24.4,55,13,NA,NW,16.1,1033.7,-24.9,NA,NA,Clear,0,0,0,0,0,0
2014-01-28T00:53:00Z,-17.8,-24.4,57,14.8,NA,NW,16.1,1034,-26.3,NA,NA,Clear,0,0,0,0,0,0
2014-01-28T01:53:00Z,-17.8,-24.4,57,14.8,NA,NW,16.1,1033.9,-26.3,NA,NA,Clear,0,0,0,0,0,0
2014-01-28T02:53:00Z,-19.4,-24.4,65,5.6,NA,NW,16.1,1034,-24,NA,NA,Clear,0,0,0,0,0,0
2014-01-28T03:53:00Z,-20,-24.4,69,5.6,NA,WNW,16.1,1034.2,-24.7,NA,NA,Clear,0,0,0,0,0,0
2014-01-28T04:53:00Z,-21.1,-24.4,75,7.4,NA,WSW,16.1,1034.1,-27.2,NA,NA,Clear,0,0,0,0,0,0
2014-01-28T05:53:00Z,-21.7,-25,75,5.6,NA,WSW,16.1,1034,-26.6,NA,NA,Clear,0,0,0,0,0,0
2014-01-28T06:53:00Z,-21.1,-24.4,75,9.3,NA,West,16.1,1033.5,-28.1,NA,NA,Clear,0,0,0,0,0,0
2014-01-28T07:53:00Z,-21.7,-25,75,9.3,NA,West,16.1,1033.2,-28.9,NA,NA,Clear,0,0,0,0,0,0
2014-01-28T08:53:00Z,-21.1,-25,72,9.3,NA,West,16.1,1032.9,-28.1,NA,NA,Clear,0,0,0,0,0,0
2014-01-28T09:53:00Z,-21.7,-25,75,11.1,NA,WSW,16.1,1032.9,-29.7,NA,NA,Clear,0,0,0,0,0,0
2014-01-28T10:53:00Z,-21.7,-25,75,13,NA,West,16.1,1032.8,-30.4,NA,NA,Clear,0,0,0,0,0,0
2014-01-28T11:53:00Z,-22.2,-25.6,75,11.1,NA,West,16.1,1033,-30.3,NA,NA,Clear,0,0,0,0,0,0
2014-01-28T12:53:00Z,-22.2,-25.6,75,13,NA,West,16.1,1032.8,-31,NA,NA,Clear,0,0,0,0,0,0
2014-01-28T13:53:00Z,-21.1,-25,72,13,NA,West,16.1,1032.4,-29.7,NA,NA,Clear,0,0,0,0,0,0
2014-01-28T14:53:00Z,-17.8,-22.8,66,11.1,NA,WNW,16.1,1032.3,-25,NA,NA,Clear,0,0,0,0,0,0
2014-01-28T15:53:00Z,-15.6,-21.7,60,13,NA,West,16.1,1032,-23,NA,NA,Clear,0,0,0,0,0,0
2014-01-28T16:53:00Z,-13.9,-21.7,53,20.4,NA,West,16.1,1031.7,-22.8,NA,NA,Clear,0,0,0,0,0,0
2014-01-28T17:53:00Z,-12.2,-22.2,44,24.1,35.2,NW,16.1,1030.4,-21.4,NA,NA,Clear,0,0,0,0,0,0
2014-01-28T18:53:00Z,-11.1,-22.2,41,27.8,35.2,WNW,16.1,1029.3,-20.6,NA,NA,Clear,0,0,0,0,0,0
2014-01-28T19:53:00Z,-10,-22.8,35,25.9,46.3,West,16.1,1028.3,-18.9,NA,NA,Clear,0,0,0,0,0,0
2014-01-28T20:53:00Z,-9.4,-22.8,34,29.6,NA,West,16.1,1027.4,-18.7,NA,NA,Clear,0,0,0,0,0,0
2014-01-28T21:53:00Z,-10,-22.2,37,24.1,NA,WNW,16.1,1027.5,-18.6,NA,NA,Partly Cloudy,0,0,0,0,0,0
2014-01-28T22:53:00Z,-10.6,-22.8,37,22.2,NA,WNW,16.1,1027.3,-19,NA,NA,Clear,0,0,0,0,0,0
2014-01-28T23:53:00Z,-12.2,-22.8,42,16.7,NA,WNW,16.1,1027.4,-19.9,NA,NA,Clear,0,0,0,0,0,0
2014-01-29T00:53:00Z,-13.9,-22.8,48,11.1,NA,WNW,16.1,1027.2,-20.3,NA,NA,Clear,0,0,0,0,0,0
2014-01-29T01:53:00Z,-16.7,-22.2,63,11.1,NA,West,8,1026.9,-23.7,NA,NA,Haze,0,0,0,0,0,0
2014-01-29T02:53:00Z,-17.8,-22.8,66,9.3,NA,West,16.1,1026.5,-24.2,NA,NA,Clear,0,0,0,0,0,0
2014-01-29T03:53:00Z,-17.8,-22.8,66,11.1,NA,WSW,16.1,1026.1,-25,NA,NA,Clear,0,0,0,0,0,0
2014-01-29T04:53:00Z,-18.3,-22.8,69,9.3,NA,WSW,16.1,1025.6,-24.8,NA,NA,Clear,0,0,0,0,0,0
2014-01-29T05:53:00Z,-17.8,-22.2,69,13,NA,SW,16.1,1025.3,-25.7,NA,NA,Clear,0,0,0,0,0,0
2014-01-29T06:53:00Z,-17.2,-22.2,66,14.8,NA,WSW,16.1,1025,-25.5,NA,NA,Clear,0,0,0,0,0,0
2014-01-29T07:53:00Z,-17.2,-22.2,66,14.8,NA,WSW,16.1,1024.5,-25.5,NA,NA,Clear,0,0,0,0,0,0
2014-01-29T08:53:00Z,-17.2,-22.2,66,14.8,NA,WSW,16.1,1023.8,-25.5,NA,NA,Clear,0,0,0,0,0,0
2014-01-29T09:53:00Z,-17.8,-22.2,69,13,NA,SW,16.1,1023.2,-25.7,NA,NA,Clear,0,0,0,0,0,0
2014-01-29T10:53:00Z,-18.3,-22.2,72,9.3,NA,SW,16.1,1022.9,-24.8,NA,NA,Clear,0,0,0,0,0,0
2014-01-29T11:53:00Z,-17.8,-22.2,69,16.7,NA,SW,16.1,1022.4,-26.8,NA,NA,Clear,0,0,0,0,0,0
2014-01-29T12:53:00Z,-17.2,-21.7,69,14.8,NA,SW,16.1,1022,-25.5,NA,NA,Clear,0,0,0,0,0,0
2014-01-29T13:53:00Z,-17.2,-21.7,69,0,NA,North,16.1,1021.9,NA,NA,NA,Clear,0,0,0,0,0,0
2014-01-29T14:53:00Z,-12.2,-18.3,61,14.8,NA,SSW,16.1,1021.1,-19.4,NA,NA,Clear,0,0,0,0,0,0
2014-01-29T15:53:00Z,-8.3,-16.7,52,25.9,NA,SW,16.1,1020.5,-16.7,NA,NA,Clear,0,0,0,0,0,0
2014-01-29T16:53:00Z,-4.4,-15.6,42,24.1,NA,SSW,16.1,1019.8,-11.4,NA,NA,Clear,0,0,0,0,0,0
2014-01-29T17:53:00Z,-2.2,-15.6,36,24.1,37,SSW,16.1,1018.3,-8.6,NA,NA,Clear,0,0,0,0,0,0
2014-01-29T18:53:00Z,0.6,-15.6,29,31.5,44.4,SSW,16.1,1016.4,-5.8,NA,NA,Clear,0,0,0,0,0,0
2014-01-29T19:53:00Z,2.2,-15.6,26,38.9,NA,SSW,16.1,1014.6,-4.3,NA,NA,Clear,0,0,0,0,0,0
2014-01-29T20:53:00Z,2.8,-14.4,28,37,46.3,SSW,16.1,1013.2,-3.4,NA,NA,Clear,0,0,0,0,0,0
2014-01-29T21:53:00Z,2.8,-13.3,30,29.6,50,SSW,16.1,1012.3,-2.8,NA,NA,Clear,0,0,0,0,0,0
2014-01-29T22:53:00Z,2.2,-12.2,34,25.9,40.7,South,16.1,1011.2,-3.2,NA,NA,Clear,0,0,0,0,0,0
2014-01-29T23:53:00Z,0.6,-12.2,38,24.1,NA,South,16.1,1010.7,-5,NA,NA,Clear,0,0,0,0,0,0
2014-01-30T00:53:00Z,0,-11.7,42,24.1,NA,South,16.1,1010.1,-5.8,NA,NA,Clear,0,0,0,0,0,0
2014-01-30T01:53:00Z,-0.6,-11.7,43,NA,NA,North,16.1,1009.4,NA,NA,NA,Clear,0,0,0,0,0,0
2014-01-30T02:53:00Z,-0.6,-11.7,43,NA,NA,North,16.1,1008.2,NA,NA,NA,Clear,0,0,0,0,0,0
2014-01-30T03:53:00Z,-0.6,-12.2,42,NA,NA,North,16.1,1007.8,NA,NA,NA,Clear,0,0,0,0,0,0
2014-01-30T04:53:00Z,0,-12.2,40,NA,NA,North,16.1,1006.4,NA,NA,NA,Clear,0,0,0,0,0,0
2014-01-30T05:53:00Z,0.6,-12.2,38,NA,NA,North,16.1,1005.3,NA,NA,NA,Clear,0,0,0,0,0,0
2014-01-30T06:53:00Z,1.1,-12.2,37,NA,NA,North,16.1,1004.2,NA,NA,NA,Clear,0,0,0,0,0,0
2014-01-30T07:53:00Z,1.7,-12.2,35,NA,NA,North,16.1,1003.5,NA,NA,NA,Clear,0,0,0,0,0,0
2014-01-30T08:53:00Z,0.6,-12.2,38,NA,NA,North,16.1,1002.8,NA,NA,NA,Clear,0,0,0,0,0,0
2014-01-30T09:53:00Z,1.1,-12.2,37,NA,NA,North,16.1,1001.2,NA,NA,NA,Overcast,0,0,0,0,0,0
2014-01-30T10:53:00Z,1.1,-11.1,40,NA,NA,North,16.1,999.3,NA,NA,NA,Overcast,0,0,0,0,0,0
2014-01-30T11:53:00Z,1.1,-11.7,38,NA,NA,North,16.1,998.6,NA,NA,NA,Overcast,0,0,0,0,0,0
2014-01-30T12:53:00Z,0.6,-11.1,42,NA,NA,North,16.1,998.7,NA,NA,NA,Mostly Cloudy,0,0,0,0,0,0
2014-01-30T13:53:00Z,1.1,-11.1,40,NA,NA,North,16.1,998.6,NA,NA,NA,Overcast,0,0,0,0,0,0
2014-01-30T14:26:00Z,0,-6.7,61,NA,NA,North,2.8,998.9,NA,NA,0,Light Snow,0,0,1,0,0,0
2014-01-30T14:51:00Z,-2,-4,86,NA,NA,North,0.8,999.2,NA,NA,0,Snow,1,0,1,0,0,0
2014-01-30T14:53:00Z,-1.7,-3.9,85,NA,NA,North,0.8,999.9,NA,NA,0,Snow,1,0,1,0,0,0
2014-01-30T15:06:00Z,-1.1,-3.9,82,NA,NA,North,2.8,999.2,NA,NA,0,Light Snow,0,0,1,0,0,0
2014-01-30T15:12:00Z,-1.1,-4.4,79,NA,NA,North,4.8,999.2,NA,NA,0,Light Snow,0,0,1,0,0,0
2014-01-30T15:24:00Z,-0.6,-4.4,76,NA,NA,North,8,999.2,NA,NA,0,Light Snow,0,0,1,0,0,0
2014-01-30T15:53:00Z,0,-5.6,66,NA,NA,North,16.1,1000.3,NA,NA,0,Overcast,0,0,0,0,0,0
2014-01-30T16:53:00Z,1.7,-6.1,57,NA,NA,North,16.1,1000.6,NA,NA,NA,Overcast,0,0,0,0,0,0
2014-01-30T17:53:00Z,4.4,-6.1,47,NA,NA,North,16.1,1000.9,NA,NA,NA,Overcast,0,0,0,0,0,0
2014-01-30T18:33:00Z,-1.7,-6.1,72,38.9,63,NNW,16.1,1002.6,-9.5,NA,NA,Overcast,0,0,0,0,0,0
2014-01-30T18:53:00Z,-3.3,-7.8,71,31.5,55.6,NNW,14.5,1004.3,-10.9,NA,NA,Overcast,0,0,0,0,0,0
2014-01-30T19:53:00Z,-3.9,-8.9,69,42.6,51.9,NNW,16.1,1006.3,-12.8,NA,NA,Mostly Cloudy,0,0,0,0,0,0
2014-01-30T20:53:00Z,-3.9,-10,63,37,48.2,NNW,16.1,1008.5,-12.3,NA,NA,Mostly Cloudy,0,0,0,0,0,0
2014-01-30T21:12:00Z,-4.4,-10,65,33.3,50,NNW,16.1,1008,-12.6,NA,NA,Scattered Clouds,0,0,0,0,0,0
2014-01-30T21:53:00Z,-5,-10.6,65,33.3,50,NW,16.1,1010.2,-13.4,NA,NA,Partly Cloudy,0,0,0,0,0,0
2014-01-30T22:53:00Z,-6.7,-12.2,65,25.9,NA,NNW,16.1,1012.1,-14.6,NA,NA,Clear,0,0,0,0,0,0
2014-01-30T23:53:00Z,-8.9,-13.9,68,18.5,NA,NNW,16.1,1013.2,-16.1,NA,NA,Clear,0,0,0,0,0,0
2014-01-31T00:53:00Z,-10,-15,67,22.2,NA,NNW,16.1,1014.6,-18.2,NA,NA,Clear,0,0,0,0,0,0
2014-01-31T01:53:00Z,-11.1,-15.6,70,22.2,NA,NNW,16.1,1016.6,-19.6,NA,NA,Clear,0,0,0,0,0,0
2014-01-31T02:53:00Z,-12.2,-16.7,70,14.8,NA,NNW,16.1,1018.1,-19.4,NA,NA,Clear,0,0,0,0,0,0
2014-01-31T03:53:00Z,-13.9,-18.9,67,25.9,NA,NNW,16.1,1018.6,-23.9,NA,NA,Clear,0,0,0,0,0,0
2014-01-31T04:53:00Z,-13.9,-18.9,67,27.8,40.7,NNW,16.1,1018.9,-24.2,NA,NA,Overcast,0,0,0,0,0,0
2014-01-31T05:53:00Z,-13.9,-18.9,67,31.5,NA,North,16.1,1019.2,-24.8,NA,NA,Overcast,0,0,0,0,0,0
2014-01-31T06:53:00Z,-13.9,-18.9,67,29.6,40.7,NNW,16.1,1020.2,-24.5,NA,NA,Overcast,0,0,0,0,0,0
2014-01-31T07:53:00Z,-13.9,-18.9,67,22.2,NA,North,16.1,1020.4,-23.2,NA,NA,Mostly Cloudy,0,0,0,0,0,0
2014-01-31T08:53:00Z,-14.4,-18.9,69,18.5,NA,North,16.1,1021.1,-23,NA,NA,Partly Cloudy,0,0,0,0,0,0
2014-01-31T09:53:00Z,-15,-19.4,70,14.8,NA,North,16.1,1021,-22.8,NA,NA,Scattered Clouds,0,0,0,0,0,0
2014-01-31T10:53:00Z,-15,-20,66,14.8,NA,North,16.1,1021.7,-22.8,NA,NA,Overcast,0,0,0,0,0,0
2014-01-31T11:53:00Z,-15,-20,66,13,NA,North,16.1,1022.3,-22.3,NA,NA,Overcast,0,0,0,0,0,0
2014-01-31T12:53:00Z,-15,-20,66,11.1,NA,NNE,16.1,1022.6,-21.6,NA,NA,Scattered Clouds,0,0,0,0,0,0
2014-01-31T13:53:00Z,-15,-20.6,63,9.3,NA,NE,16.1,1022.8,-20.9,NA,NA,Scattered Clouds,0,0,0,0,0,0
2014-01-31T14:53:00Z,-14.4,-20.6,60,5.6,NA,ENE,16.1,1023.7,-18.3,NA,NA,Mostly Cloudy,0,0,0,0,0,0
2014-01-31T15:53:00Z,-13.3,-20,58,0,NA,North,16.1,1023.8,NA,NA,NA,Partly Cloudy,0,0,0,0,0,0
2014-01-31T16:53:00Z,-13.3,-19.4,61,0,NA,North,16.1,1024.4,NA,NA,NA,Partly Cloudy,0,0,0,0,0,0
2014-01-31T17:53:00Z,-11.7,-19.4,54,0,NA,North,16.1,1023.8,NA,NA,NA,Clear,0,0,0,0,0,0
2014-01-31T18:53:00Z,-10.6,-18.9,51,9.3,NA,Variable,16.1,1022.1,-15.7,NA,NA,Mostly Cloudy,0,0,0,0,0,0
2014-01-31T19:53:00Z,-9.4,-18.9,47,5.6,NA,Variable,16.1,1021.2,-12.6,NA,NA,Partly Cloudy,0,0,0,0,0,0
2014-01-31T20:53:00Z,-8.3,-18.3,45,9.3,NA,ENE,16.1,1020.2,-12.9,NA,NA,Clear,0,0,0,0,0,0
2014-01-31T21:53:00Z,-8.3,-17.8,47,9.3,NA,ENE,16.1,1020.3,-12.9,NA,NA,Clear,0,0,0,0,0,0
2014-01-31T22:53:00Z,-8.9,-16.7,54,13,NA,East,16.1,1019.9,-14.8,NA,NA,Scattered Clouds,0,0,0,0,0,0
2014-01-31T23:53:00Z,-10,-17.2,56,11.1,NA,East,16.1,1019.5,-15.6,NA,NA,Mostly Cloudy,0,0,0,0,0,0
2014-02-01T00:53:00Z,-10.6,-16.7,62,13,NA,East,16.1,1019.2,-16.9,NA,NA,Mostly Cloudy,0,0,0,0,0,0
2014-02-01T01:53:00Z,-10.6,-16.7,62,9.3,NA,East,16.1,1019.4,-15.7,NA,NA,Overcast,0,0,0,0,0,0
2014-02-01T02:53:00Z,-11.7,-16.7,67,9.3,NA,ESE,16.1,1019,-17,NA,NA,Clear,0,0,0,0,0,0
2014-02-01T03:53:00Z,-11.7,-16.7,67,7.4,NA,East,16.1,1019.3,-16.2,NA,NA,Overcast,0,0,0,0,0,0
2014-02-01T04:53:00Z,-11.1,-16.7,64,7.4,NA,ESE,16.1,1018.1,-15.5,NA,NA,Overcast,0,0,0,0,0,0
2014-02-01T05:49:00Z,-12,-15,79,7.4,NA,East,3.2,1016.1,-16.5,NA,0,Light Snow,0,0,1,0,0,0
2014-02-01T05:53:00Z,-11.7,-15,77,5.6,NA,ESE,2.8,1018,-15.2,NA,0,Light Snow,0,0,1,0,0,0
